ID,Phylum
t641736176,Spirochaetes
t2511231150,Spirochaetes
t646564513,Spirochaetes
t641736265,Spirochaetes
t641736177,Spirochaetes
t642791626,Spirochaetes
t642791611,Spirochaetes
t641736266,Spirochaetes
t642791629,Spirochaetes
t641736267,Spirochaetes
t637000036,Spirochaetes
t641736178,Spirochaetes
t642791625,Spirochaetes
t2511231103,Spirochaetes
t650377913,Spirochaetes
t650377914,Spirochaetes
t642791624,Spirochaetes
t642791627,Spirochaetes
t643348517,Spirochaetes
t643348518,Spirochaetes
t2511231194,Spirochaetes
t642979365,Spirochaetes
t643692009,Spirochaetes
t642791628,Spirochaetes
t642555108,Spirochaetes
t643348519,Spirochaetes
t642791612,Spirochaetes
t642555109,Spirochaetes
t641736181,Spirochaetes
t643692010,Spirochaetes
t2511231202,Spirochaetes
t646564514,Spirochaetes
t648028009,Spirochaetes
t2506783010,Spirochaetes
t642555136,Spirochaetes
t642555137,Spirochaetes
t639633032,Spirochaetes
t639633033,Spirochaetes
t637000150,Spirochaetes
t2511231167,Spirochaetes
t637000151,Spirochaetes
t2509276057,Spirochaetes
t2505679006,Spirochaetes
t2503904012,Spirochaetes
t648028052,Spirochaetes
t650377973,Spirochaetes
t2508501070,Spirochaetes
t648028053,Spirochaetes
t2506381022,Spirochaetes
t650716099,Spirochaetes
t2504756052,Spirochaetes
t650716100,Spirochaetes
t637000327,Spirochaetes
t646862348,Spirochaetes
t2511231191,Spirochaetes
t637000328,Spirochaetes
t642555166,Spirochaetes
t2511231217,Spirochaetes
t2511231215,Spirochaetes
t2511231132,Spirochaetes
t650716101,Spirochaetes
t649990026,Spirochaetes
t650716102,Spirochaetes
t2509276055,Spirochaetes
t2504557012,Spirochaetes
t645951869,Spirochaetes
t2506520013,Spirochaetes
t637000010,Aquificae
t649633039,Aquificae
t641380441,Aquificae
t650377953,Aquificae
t646311936,Aquificae
t2507262044,Aquificae
t647000261,Aquificae
t642555132,Aquificae
t643692030,Aquificae
t643692050,Aquificae
t642555165,Aquificae
t645058708,Aquificae
t646564582,Aquificae
t2511231037,Aquificae
t2512875013,Aquificae
t649633104,Aquificae
t649633005,Chloroflexi
t643348527,Chloroflexi
t641228485,Chloroflexi
t2506520040,Chloroflexi
t643692015,Chloroflexi
t637000089,Chloroflexi
t640427111,Chloroflexi
t637000090,Chloroflexi
t646564526,Chloroflexi
t646311919,Chloroflexi
t648028022,Chloroflexi
t2508501111,Chloroflexi
t641228494,Chloroflexi
t648276680,Chloroflexi
t649989977,Chloroflexi
t640753047,Chloroflexi
t640427139,Chloroflexi
t646311953,Chloroflexi
t646311962,Chloroflexi
t643348582,Chloroflexi
t642555104,Verrucomicrobia
t642791618,Verrucomicrobia
t646564524,Verrucomicrobia
t642555138,Verrucomicrobia
t2508501067,Verrucomicrobia
t640963002,Verrucomicrobia
t2510065049,Verrucomicrobia
t641522643,Verrucomicrobia
t645058870,Verrucomicrobia
t647533243,Verrucomicrobia
t641736179,Verrucomicrobia
t640753026,Thermotogae
t2507149014,Thermotogae
t644736379,Thermotogae
t647533182,Thermotogae
t2508501120,Thermotogae
t641228500,Thermotogae
t643348583,Thermotogae
t640753057,Thermotogae
t641228511,Thermotogae
t637000321,Thermotogae
t2506783065,Thermotogae
t646311964,Thermotogae
t643348584,Thermotogae
t640427150,Thermotogae
t642487181,Thermotogae
t2503508007,Thermotogae
t2510065086,Thermotogae
t648276752,Thermotogae
t641228474,Cyanobacteria
t646564504,Cyanobacteria
t642979357,Cyanobacteria
t2507262036,Cyanobacteria
t650377906,Cyanobacteria
t645951858,Cyanobacteria
t648276619,Cyanobacteria
t638341074,Cyanobacteria
t646311970,Cyanobacteria
t647533126,Cyanobacteria
t2507262054,Cyanobacteria
t641522622,Cyanobacteria
t640612201,Cyanobacteria
t643348533,Cyanobacteria
t643348534,Cyanobacteria
t648028021,Cyanobacteria
t643348535,Cyanobacteria
t644736348,Cyanobacteria
t647000233,Cyanobacteria
t2505679024,Cyanobacteria
t637000121,Cyanobacteria
t639857035,Cyanobacteria
t647533184,Cyanobacteria
t641522640,Cyanobacteria
t639857037,Cyanobacteria
t648028001,Cyanobacteria
t642555144,Cyanobacteria
t637000199,Cyanobacteria
t648276706,Cyanobacteria
t2510065010,Cyanobacteria
t640069321,Cyanobacteria
t641228501,Cyanobacteria
t640753041,Cyanobacteria
t640069322,Cyanobacteria
t640069323,Cyanobacteria
t637000210,Cyanobacteria
t637000211,Cyanobacteria
t640069324,Cyanobacteria
t647533199,Cyanobacteria
t640069325,Cyanobacteria
t637000212,Cyanobacteria
t637000213,Cyanobacteria
t637000214,Cyanobacteria
t637000309,Cyanobacteria
t637000310,Cyanobacteria
t637000311,Cyanobacteria
t640427149,Cyanobacteria
t637000314,Cyanobacteria
t647000303,Cyanobacteria
t637000307,Cyanobacteria
t637000308,Cyanobacteria
t639857006,Cyanobacteria
t649990022,Cyanobacteria
t649990023,Cyanobacteria
t637000312,Cyanobacteria
t637000313,Cyanobacteria
t641522654,Cyanobacteria
t647533236,Cyanobacteria
t640427148,Cyanobacteria
t639857007,Cyanobacteria
t638341213,Cyanobacteria
t2507262052,Cyanobacteria
t647533237,Cyanobacteria
t638341214,Cyanobacteria
t638341215,Cyanobacteria
t637000315,Cyanobacteria
t651053076,Cyanobacteria
t637000320,Cyanobacteria
t637000329,Cyanobacteria
t637000059,Chlamydiae
t637000062,Chlamydiae
t648276628,Chlamydiae
t645951815,Chlamydiae
t645951807,Chlamydiae
t637000063,Chlamydiae
t2511231082,Chlamydiae
t2511231138,Chlamydiae
t644736342,Chlamydiae
t644736343,Chlamydiae
t646862311,Chlamydiae
t646862312,Chlamydiae
t637000064,Chlamydiae
t645058724,Chlamydiae
t646862313,Chlamydiae
t2512564068,Chlamydiae
t646862314,Chlamydiae
t650377921,Chlamydiae
t646862315,Chlamydiae
t2512564063,Chlamydiae
t646862316,Chlamydiae
t2511231213,Chlamydiae
t646862317,Chlamydiae
t646862318,Chlamydiae
t644736341,Chlamydiae
t644736344,Chlamydiae
t650716021,Chlamydiae
t648276629,Chlamydiae
t645058818,Chlamydiae
t645058819,Chlamydiae
t645058820,Chlamydiae
t645058821,Chlamydiae
t637000065,Chlamydiae
t637000066,Chlamydiae
t637000067,Chlamydiae
t650716022,Chlamydiae
t637000068,Chlamydiae
t637000069,Chlamydiae
t637000070,Chlamydiae
t646862319,Chlamydiae
t637000071,Chlamydiae
t651053012,Chlamydiae
t651053013,Chlamydiae
t651053014,Chlamydiae
t650716023,Chlamydiae
t651053015,Chlamydiae
t651053016,Chlamydiae
t651324022,Chlamydiae
t650377922,Chlamydiae
t647000287,Chlamydiae
t650716071,Chlamydiae
t650716085,Chlamydiae
t646564588,Chlamydiae
t650716001,Crenarchaeota
t648028003,Crenarchaeota
t638154501,Crenarchaeota
t641228483,Crenarchaeota
t641522611,Crenarchaeota
t651324076,Crenarchaeota
t651324018,Crenarchaeota
t641522613,Crenarchaeota
t643348540,Crenarchaeota
t649633040,Crenarchaeota
t640069314,Crenarchaeota
t640753029,Crenarchaeota
t648028035,Crenarchaeota
t650716051,Crenarchaeota
t640427120,Crenarchaeota
t641228499,Crenarchaeota
t638154513,Crenarchaeota
t640427135,Crenarchaeota
t640069326,Crenarchaeota
t639633053,Crenarchaeota
t646564573,Crenarchaeota
t640069332,Crenarchaeota
t638154517,Crenarchaeota
t650377981,Crenarchaeota
t646311959,Crenarchaeota
t643692044,Crenarchaeota
t643692045,Crenarchaeota
t643692046,Crenarchaeota
t643692047,Crenarchaeota
t650377982,Crenarchaeota
t643692048,Crenarchaeota
t643692049,Crenarchaeota
t646862347,Crenarchaeota
t649990020,Crenarchaeota
t638154518,Crenarchaeota
t638154519,Crenarchaeota
t639633064,Crenarchaeota
t641522657,Crenarchaeota
t650716098,Crenarchaeota
t646564583,Crenarchaeota
t648028062,Crenarchaeota
t650377985,Crenarchaeota
t644736322,Actinobacteria
t639633001,Actinobacteria
t643886017,Actinobacteria
t640963058,Actinobacteria
t647000206,Actinobacteria
t649989901,Actinobacteria
t2512047052,Actinobacteria
t651324005,Actinobacteria
t649989902,Actinobacteria
t649989903,Actinobacteria
t649989904,Actinobacteria
t651324006,Actinobacteria
t645951824,Actinobacteria
t643886015,Actinobacteria
t649989905,Actinobacteria
t2511231151,Actinobacteria
t2508501117,Actinobacteria
t2510065062,Actinobacteria
t644736323,Actinobacteria
t645951844,Actinobacteria
t638341246,Actinobacteria
t2512564011,Actinobacteria
t2511231181,Actinobacteria
t648028006,Actinobacteria
t2507262030,Actinobacteria
t2512564010,Actinobacteria
t650716009,Actinobacteria
t646564505,Actinobacteria
t649633006,Actinobacteria
t639633005,Actinobacteria
t643348509,Actinobacteria
t650377905,Actinobacteria
t639633006,Actinobacteria
t644736327,Actinobacteria
t643886019,Actinobacteria
t648276620,Actinobacteria
t643886063,Actinobacteria
t648276621,Actinobacteria
t643692008,Actinobacteria
t639633010,Actinobacteria
t640963015,Actinobacteria
t642979361,Actinobacteria
t643348515,Actinobacteria
t646862308,Actinobacteria
t2511231214,Actinobacteria
t644736329,Actinobacteria
t644736330,Actinobacteria
t641736235,Actinobacteria
t646862309,Actinobacteria
t651053004,Actinobacteria
t643886040,Actinobacteria
t649633015,Actinobacteria
t649633016,Actinobacteria
t651053005,Actinobacteria
t643886102,Actinobacteria
t651053006,Actinobacteria
t642979312,Actinobacteria
t641736189,Actinobacteria
t648276623,Actinobacteria
t646311910,Actinobacteria
t649989915,Actinobacteria
t642979324,Actinobacteria
t642555107,Actinobacteria
t645058795,Actinobacteria
t637000031,Actinobacteria
t649633017,Actinobacteria
t643348516,Actinobacteria
t649633019,Actinobacteria
t643886140,Actinobacteria
t649633018,Actinobacteria
t643886216,Actinobacteria
t650377912,Actinobacteria
t646564512,Actinobacteria
t651053007,Actinobacteria
t651053008,Actinobacteria
t642979313,Actinobacteria
t649989916,Actinobacteria
t2512564033,Actinobacteria
t644736331,Actinobacteria
t638341022,Actinobacteria
t647000216,Actinobacteria
t644736339,Actinobacteria
t646564520,Actinobacteria
t2505679016,Actinobacteria
t640427108,Actinobacteria
t642555124,Actinobacteria
t640612206,Actinobacteria
t642979320,Actinobacteria
t642979321,Actinobacteria
t646311917,Actinobacteria
t2503538010,Actinobacteria
t643886058,Actinobacteria
t648276632,Actinobacteria
t647000230,Actinobacteria
t642979306,Actinobacteria
t645951870,Actinobacteria
t643692018,Actinobacteria
t651324023,Actinobacteria
t2511231126,Actinobacteria
t2511231075,Actinobacteria
t2511231099,Actinobacteria
t2511231089,Actinobacteria
t2511231115,Actinobacteria
t2511231083,Actinobacteria
t2511231091,Actinobacteria
t2511231059,Actinobacteria
t2511231084,Actinobacteria
t2511231088,Actinobacteria
t2511231111,Actinobacteria
t2511231107,Actinobacteria
t637000082,Actinobacteria
t644736345,Actinobacteria
t645951842,Actinobacteria
t648276633,Actinobacteria
t643886147,Actinobacteria
t643886137,Actinobacteria
t639279306,Actinobacteria
t639279307,Actinobacteria
t640427110,Actinobacteria
t647000231,Actinobacteria
t637000085,Actinobacteria
t643692019,Actinobacteria
t643886002,Actinobacteria
t648276634,Actinobacteria
t643886207,Actinobacteria
t643886084,Actinobacteria
t2511231142,Actinobacteria
t648231702,Actinobacteria
t2511231067,Actinobacteria
t2512564036,Actinobacteria
t2511231212,Actinobacteria
t648231703,Actinobacteria
t2511231153,Actinobacteria
t648028019,Actinobacteria
t650377927,Actinobacteria
t2512564058,Actinobacteria
t2511231154,Actinobacteria
t650716029,Actinobacteria
t643886057,Actinobacteria
t645058719,Actinobacteria
t651053019,Actinobacteria
t650716030,Actinobacteria
t641522620,Actinobacteria
t649989925,Actinobacteria
t2511231114,Actinobacteria
t644736346,Actinobacteria
t2510065084,Actinobacteria
t649989926,Actinobacteria
t649989929,Actinobacteria
t644736358,Actinobacteria
t649989930,Actinobacteria
t651324028,Actinobacteria
t650716034,Actinobacteria
t637000115,Actinobacteria
t2508501039,Actinobacteria
t637000116,Actinobacteria
t641228492,Actinobacteria
t2506381019,Actinobacteria
t647000251,Actinobacteria
t2506381020,Actinobacteria
t649633045,Actinobacteria
t2509887025,Actinobacteria
t647000253,Actinobacteria
t2506783011,Actinobacteria
t649633046,Actinobacteria
t646311928,Actinobacteria
t648276677,Actinobacteria
t647000255,Actinobacteria
t648276678,Actinobacteria
t651053027,Actinobacteria
t646311931,Actinobacteria
t2512047058,Actinobacteria
t646311932,Actinobacteria
t651324037,Actinobacteria
t2512564042,Actinobacteria
t650377943,Actinobacteria
t649633057,Actinobacteria
t2505679076,Actinobacteria
t2505679068,Actinobacteria
t638341107,Actinobacteria
t2509601042,Actinobacteria
t644736376,Actinobacteria
t640753031,Actinobacteria
t2511231086,Actinobacteria
t642555133,Actinobacteria
t646311938,Actinobacteria
t644736380,Actinobacteria
t637000149,Actinobacteria
t650716057,Actinobacteria
t644736390,Actinobacteria
t645951813,Actinobacteria
t647000274,Actinobacteria
t650716058,Actinobacteria
t648028042,Actinobacteria
t647533185,Actinobacteria
t649633069,Actinobacteria
t648028043,Actinobacteria
t649989973,Actinobacteria
t648276689,Actinobacteria
t649989974,Actinobacteria
t647000277,Actinobacteria
t648276690,Actinobacteria
t643886108,Actinobacteria
t648276691,Actinobacteria
t641522641,Actinobacteria
t650716059,Actinobacteria
t639633039,Actinobacteria
t645058725,Actinobacteria
t637000168,Actinobacteria
t637000169,Actinobacteria
t2511231152,Actinobacteria
t639633040,Actinobacteria
t643692028,Actinobacteria
t650716060,Actinobacteria
t2506783014,Actinobacteria
t2512047063,Actinobacteria
t640427122,Actinobacteria
t649633070,Actinobacteria
t645058739,Actinobacteria
t2512564050,Actinobacteria
t2512564041,Actinobacteria
t645058849,Actinobacteria
t643348566,Actinobacteria
t637000170,Actinobacteria
t641522642,Actinobacteria
t647000278,Actinobacteria
t2506783048,Actinobacteria
t2508501106,Actinobacteria
t2506783060,Actinobacteria
t639633041,Actinobacteria
t650716061,Actinobacteria
t640069320,Actinobacteria
t639633042,Actinobacteria
t637000171,Actinobacteria
t642979309,Actinobacteria
t647000279,Actinobacteria
t642979310,Actinobacteria
t645058721,Actinobacteria
t638341130,Actinobacteria
t651053043,Actinobacteria
t651053044,Actinobacteria
t637000172,Actinobacteria
t645951826,Actinobacteria
t2511231130,Actinobacteria
t642979363,Actinobacteria
t640427123,Actinobacteria
t642979350,Actinobacteria
t640427124,Actinobacteria
t641736240,Actinobacteria
t637000173,Actinobacteria
t641736194,Actinobacteria
t645951854,Actinobacteria
t644736391,Actinobacteria
t647000280,Actinobacteria
t2511231070,Actinobacteria
t645058860,Actinobacteria
t645058861,Actinobacteria
t648276692,Actinobacteria
t647000281,Actinobacteria
t2512564073,Actinobacteria
t648276693,Actinobacteria
t648276694,Actinobacteria
t648276695,Actinobacteria
t648276696,Actinobacteria
t648276697,Actinobacteria
t648276698,Actinobacteria
t648276699,Actinobacteria
t648276700,Actinobacteria
t648276701,Actinobacteria
t648276702,Actinobacteria
t648276703,Actinobacteria
t648276704,Actinobacteria
t642979349,Actinobacteria
t645951864,Actinobacteria
t642979364,Actinobacteria
t642979311,Actinobacteria
t2512564056,Actinobacteria
t2508501052,Actinobacteria
t642555140,Actinobacteria
t639633044,Actinobacteria
t644736393,Actinobacteria
t2511231172,Actinobacteria
t637000198,Actinobacteria
t651324077,Actinobacteria
t639633046,Actinobacteria
t646564557,Actinobacteria
t648028047,Actinobacteria
t649989980,Actinobacteria
t647533193,Actinobacteria
t2510065083,Actinobacteria
t2507525000,Actinobacteria
t651053058,Actinobacteria
t651053059,Actinobacteria
t2511231219,Actinobacteria
t647000296,Actinobacteria
t647000297,Actinobacteria
t637000215,Actinobacteria
t646564561,Actinobacteria
t647000298,Actinobacteria
t2511231125,Actinobacteria
t2511231095,Actinobacteria
t2511231063,Actinobacteria
t649633084,Actinobacteria
t651324091,Actinobacteria
t651324092,Actinobacteria
t2512047068,Actinobacteria
t651053061,Actinobacteria
t649989992,Actinobacteria
t641228502,Actinobacteria
t649633089,Actinobacteria
t647000305,Actinobacteria
t643692033,Actinobacteria
t643886201,Actinobacteria
t637000234,Actinobacteria
t646564564,Actinobacteria
t649633093,Actinobacteria
t648861015,Actinobacteria
t645058800,Actinobacteria
t646311951,Actinobacteria
t2505679031,Actinobacteria
t637000248,Actinobacteria
t2508501044,Actinobacteria
t2508501013,Actinobacteria
t2508501119,Actinobacteria
t2508501116,Actinobacteria
t2508501012,Actinobacteria
t2510461000,Actinobacteria
t2507262046,Actinobacteria
t644736404,Actinobacteria
t2509276054,Actinobacteria
t647000310,Actinobacteria
t640069329,Actinobacteria
t641228504,Actinobacteria
t640427140,Actinobacteria
t646564565,Actinobacteria
t647533207,Actinobacteria
t646564566,Actinobacteria
t649989995,Actinobacteria
t645951837,Actinobacteria
t644736405,Actinobacteria
t646564571,Actinobacteria
t645058823,Actinobacteria
t637000304,Actinobacteria
t2511231092,Actinobacteria
t646862346,Actinobacteria
t2511231200,Actinobacteria
t2511231113,Actinobacteria
t647533233,Actinobacteria
t642979328,Actinobacteria
t651324105,Actinobacteria
t637000305,Actinobacteria
t645058824,Actinobacteria
t651324106,Actinobacteria
t645058728,Actinobacteria
t647000328,Actinobacteria
t641522653,Actinobacteria
t645058857,Actinobacteria
t2511231140,Actinobacteria
t645058856,Actinobacteria
t648861016,Actinobacteria
t645058827,Actinobacteria
t645058822,Actinobacteria
t646564576,Actinobacteria
t645951800,Actinobacteria
t645058853,Actinobacteria
t642791623,Actinobacteria
t649990018,Actinobacteria
t647533234,Actinobacteria
t645951849,Actinobacteria
t647000329,Actinobacteria
t651285011,Actinobacteria
t647533235,Actinobacteria
t2503386004,Actinobacteria
t648861017,Actinobacteria
t648276750,Actinobacteria
t645058855,Actinobacteria
t2510065021,Actinobacteria
t646311958,Actinobacteria
t637000319,Actinobacteria
t646564581,Actinobacteria
t646311963,Actinobacteria
t637000330,Actinobacteria
t637000331,Actinobacteria
t646564587,Actinobacteria
t650716103,Actinobacteria
t646311968,Actinobacteria
t646564503,Synergistetes
t2502790015,Synergistetes
t647000209,Synergistetes
t2509601011,Synergistetes
t2510065052,Synergistetes
t2501533205,Synergistetes
t2508501103,Synergistetes
t645951855,Synergistetes
t647000302,Synergistetes
t650377983,Synergistetes
t646311961,Synergistetes
t2508501068,Synergistetes
t2505119043,Synergistetes
t641522601,Tenericutes
t637000011,Tenericutes
t642555117,Tenericutes
t642555118,Tenericutes
t637000202,Tenericutes
t651324041,Tenericutes
t637000158,Tenericutes
t646564553,Tenericutes
t640427125,Tenericutes
t647000282,Tenericutes
t2512047064,Tenericutes
t642555141,Tenericutes
t649633071,Tenericutes
t650716062,Tenericutes
t637000174,Tenericutes
t2512047065,Tenericutes
t644736392,Tenericutes
t646564554,Tenericutes
t648028044,Tenericutes
t649633072,Tenericutes
t650377959,Tenericutes
t646862333,Tenericutes
t646862334,Tenericutes
t637000175,Tenericutes
t638341133,Tenericutes
t637000176,Tenericutes
t2501939620,Tenericutes
t2511231066,Tenericutes
t649633073,Tenericutes
t651053045,Tenericutes
t646311946,Tenericutes
t650377960,Tenericutes
t637000177,Tenericutes
t637000178,Tenericutes
t637000179,Tenericutes
t2511231163,Tenericutes
t648028045,Tenericutes
t2512047042,Tenericutes
t651053046,Tenericutes
t649633074,Tenericutes
t637000180,Tenericutes
t646862336,Tenericutes
t646862335,Tenericutes
t648231714,Tenericutes
t637000181,Tenericutes
t650716063,Tenericutes
t637000182,Tenericutes
t2511231209,Tenericutes
t648231715,Tenericutes
t637000183,Tenericutes
t637000184,Tenericutes
t2511231058,Tenericutes
t2511231073,Tenericutes
t650716064,Tenericutes
t637000185,Tenericutes
t641736107,Tenericutes
t641736108,Tenericutes
t641522658,Tenericutes
t637000332,Tenericutes
t641736200,Tenericutes
t645951876,Tenericutes
t645951875,Tenericutes
t645951873,Tenericutes
t645951879,Tenericutes
t645951872,Tenericutes
t645951878,Tenericutes
t645951877,Tenericutes
t645951871,Tenericutes
t643348586,Tenericutes
t645951874,Tenericutes
t638341020,Planctomycetes
t642555116,Planctomycetes
t641736268,Planctomycetes
t649633058,Planctomycetes
t646311948,Planctomycetes
t649633083,Planctomycetes
t646564559,Planctomycetes
t640963032,Planctomycetes
t637000236,Planctomycetes
t2509601004,Planctomycetes
t644736321,Proteobacteria
t646862301,Proteobacteria
t646862302,Proteobacteria
t646862303,Proteobacteria
t646862304,Proteobacteria
t646862305,Proteobacteria
t646862306,Proteobacteria
t646862307,Proteobacteria
t651324000,Proteobacteria
t651324001,Proteobacteria
t647000200,Proteobacteria
t649633001,Proteobacteria
t640427101,Proteobacteria
t650716002,Proteobacteria
t651324003,Proteobacteria
t645058727,Proteobacteria
t650716003,Proteobacteria
t651324004,Proteobacteria
t2510436001,Proteobacteria
t643348501,Proteobacteria
t642555101,Proteobacteria
t2510436005,Proteobacteria
t639633002,Proteobacteria
t650716004,Proteobacteria
t645058786,Proteobacteria
t643348541,Proteobacteria
t639633003,Proteobacteria
t650377901,Proteobacteria
t647000203,Proteobacteria
t647000204,Proteobacteria
t647000205,Proteobacteria
t643348502,Proteobacteria
t648276604,Proteobacteria
t643348503,Proteobacteria
t645058757,Proteobacteria
t642555102,Proteobacteria
t640069301,Proteobacteria
t647533101,Proteobacteria
t641522602,Proteobacteria
t2511231155,Proteobacteria
t641522603,Proteobacteria
t650377902,Proteobacteria
t637000002,Proteobacteria
t2511231056,Proteobacteria
t650377903,Proteobacteria
t646206267,Proteobacteria
t647000202,Proteobacteria
t646206268,Proteobacteria
t646206269,Proteobacteria
t646206270,Proteobacteria
t646206271,Proteobacteria
t645058758,Proteobacteria
t643886214,Proteobacteria
t648028004,Proteobacteria
t647533107,Proteobacteria
t647533108,Proteobacteria
t643886008,Proteobacteria
t645058770,Proteobacteria
t640069302,Proteobacteria
t638341004,Proteobacteria
t648276605,Proteobacteria
t648276606,Proteobacteria
t648276607,Proteobacteria
t648276608,Proteobacteria
t648276609,Proteobacteria
t648276610,Proteobacteria
t648276611,Proteobacteria
t641522604,Proteobacteria
t648276612,Proteobacteria
t648276614,Proteobacteria
t648276613,Proteobacteria
t642555103,Proteobacteria
t648276615,Proteobacteria
t640753001,Proteobacteria
t649989900,Proteobacteria
t651324007,Proteobacteria
t639633004,Proteobacteria
t641522605,Proteobacteria
t650716006,Proteobacteria
t648276616,Proteobacteria
t2511231110,Proteobacteria
t648028005,Proteobacteria
t647000208,Proteobacteria
t2501416926,Proteobacteria
t644736324,Proteobacteria
t649989906,Proteobacteria
t651324008,Proteobacteria
t650716007,Proteobacteria
t639279301,Proteobacteria
t639279302,Proteobacteria
t643348505,Proteobacteria
t648276617,Proteobacteria
t637000004,Proteobacteria
t647533109,Proteobacteria
t649633004,Proteobacteria
t650716008,Proteobacteria
t643348506,Proteobacteria
t637000005,Proteobacteria
t646564502,Proteobacteria
t645058809,Proteobacteria
t642555105,Proteobacteria
t2504136012,Proteobacteria
t643348507,Proteobacteria
t637000007,Proteobacteria
t642555106,Proteobacteria
t640753003,Proteobacteria
t646311905,Proteobacteria
t643692003,Proteobacteria
t645058829,Proteobacteria
t645058766,Proteobacteria
t637000008,Proteobacteria
t645058830,Proteobacteria
t637000009,Proteobacteria
t2511231182,Proteobacteria
t649989908,Proteobacteria
t640753004,Proteobacteria
t646564506,Proteobacteria
t2511231177,Proteobacteria
t637000012,Proteobacteria
t651285000,Proteobacteria
t649633007,Proteobacteria
t638341009,Proteobacteria
t639633007,Proteobacteria
t641228476,Proteobacteria
t2511231222,Proteobacteria
t2511231221,Proteobacteria
t646311907,Proteobacteria
t643692004,Proteobacteria
t2511231090,Proteobacteria
t650377909,Proteobacteria
t639633009,Proteobacteria
t649633014,Proteobacteria
t644736328,Proteobacteria
t637000027,Proteobacteria
t637000028,Proteobacteria
t641228478,Proteobacteria
t637000156,Proteobacteria
t637000029,Proteobacteria
t637000030,Proteobacteria
t2508501047,Proteobacteria
t640963011,Proteobacteria
t640963012,Proteobacteria
t641522606,Proteobacteria
t638341141,Proteobacteria
t649989917,Proteobacteria
t641522607,Proteobacteria
t637000032,Proteobacteria
t637000033,Proteobacteria
t651053009,Proteobacteria
t637000034,Proteobacteria
t641228479,Proteobacteria
t651324015,Proteobacteria
t637000038,Proteobacteria
t2511231207,Proteobacteria
t2508501128,Proteobacteria
t640427103,Proteobacteria
t640427104,Proteobacteria
t2508501042,Proteobacteria
t2507262055,Proteobacteria
t2508501009,Proteobacteria
t2506783044,Proteobacteria
t651285001,Proteobacteria
t647533115,Proteobacteria
t648028010,Proteobacteria
t645058717,Proteobacteria
t2511231108,Proteobacteria
t647533116,Proteobacteria
t642555110,Proteobacteria
t637000039,Proteobacteria
t645058839,Proteobacteria
t645058842,Proteobacteria
t645058841,Proteobacteria
t647533117,Proteobacteria
t645058838,Proteobacteria
t645058864,Proteobacteria
t641228480,Proteobacteria
t2511231087,Proteobacteria
t645058865,Proteobacteria
t643886153,Proteobacteria
t645058847,Proteobacteria
t645058866,Proteobacteria
t645058844,Proteobacteria
t643692012,Proteobacteria
t651053010,Proteobacteria
t651053011,Proteobacteria
t637000040,Proteobacteria
t645058858,Proteobacteria
t645058863,Proteobacteria
t645058867,Proteobacteria
t637000041,Proteobacteria
t2511231220,Proteobacteria
t647533118,Proteobacteria
t2511231208,Proteobacteria
t644736332,Proteobacteria
t645058868,Proteobacteria
t640427105,Proteobacteria
t645058843,Proteobacteria
t2511231179,Proteobacteria
t645058783,Proteobacteria
t645058859,Proteobacteria
t645058848,Proteobacteria
t648276624,Proteobacteria
t648276625,Proteobacteria
t645951812,Proteobacteria
t648276626,Proteobacteria
t647533119,Proteobacteria
t641228481,Proteobacteria
t2511231120,Proteobacteria
t637000042,Proteobacteria
t645058845,Proteobacteria
t647533120,Proteobacteria
t645058840,Proteobacteria
t650716012,Proteobacteria
t643348520,Proteobacteria
t637000043,Proteobacteria
t2511231206,Proteobacteria
t639633012,Proteobacteria
t643348521,Proteobacteria
t650377915,Proteobacteria
t650377916,Proteobacteria
t650377917,Proteobacteria
t645951868,Proteobacteria
t637000045,Proteobacteria
t650377918,Proteobacteria
t643348522,Proteobacteria
t2511231158,Proteobacteria
t641736154,Proteobacteria
t641522608,Proteobacteria
t641736149,Proteobacteria
t637000046,Proteobacteria
t639633014,Proteobacteria
t643348523,Proteobacteria
t641522609,Proteobacteria
t638341024,Proteobacteria
t637000051,Proteobacteria
t637000047,Proteobacteria
t2509276048,Proteobacteria
t638341025,Proteobacteria
t650716013,Proteobacteria
t643692013,Proteobacteria
t641736151,Proteobacteria
t638341027,Proteobacteria
t638341028,Proteobacteria
t637000048,Proteobacteria
t638341029,Proteobacteria
t638341030,Proteobacteria
t638341031,Proteobacteria
t640069303,Proteobacteria
t640069304,Proteobacteria
t641736199,Proteobacteria
t639633015,Proteobacteria
t641228482,Proteobacteria
t642555111,Proteobacteria
t643886020,Proteobacteria
t643886021,Proteobacteria
t643886018,Proteobacteria
t641736121,Proteobacteria
t641736122,Proteobacteria
t642555112,Proteobacteria
t642555113,Proteobacteria
t640069305,Proteobacteria
t638341035,Proteobacteria
t641736119,Proteobacteria
t641736130,Proteobacteria
t638341036,Proteobacteria
t638341037,Proteobacteria
t637000049,Proteobacteria
t638341038,Proteobacteria
t642979333,Proteobacteria
t640069306,Proteobacteria
t641736125,Proteobacteria
t641736128,Proteobacteria
t641736129,Proteobacteria
t641736126,Proteobacteria
t641736117,Proteobacteria
t641736131,Proteobacteria
t637000050,Proteobacteria
t2512047054,Proteobacteria
t640612222,Proteobacteria
t2512047055,Proteobacteria
t647000219,Proteobacteria
t641736118,Proteobacteria
t643886077,Proteobacteria
t638341040,Proteobacteria
t638341041,Proteobacteria
t650716014,Proteobacteria
t649633021,Proteobacteria
t646564515,Proteobacteria
t648028011,Proteobacteria
t2508501040,Proteobacteria
t647000222,Proteobacteria
t642979355,Proteobacteria
t2508501125,Proteobacteria
t2508501124,Proteobacteria
t2510065045,Proteobacteria
t2511231144,Proteobacteria
t641736132,Proteobacteria
t637000052,Proteobacteria
t645058826,Proteobacteria
t641736127,Proteobacteria
t641736124,Proteobacteria
t641736123,Proteobacteria
t640069307,Proteobacteria
t637000053,Proteobacteria
t648861006,Proteobacteria
t2508501021,Proteobacteria
t640963039,Proteobacteria
t648276627,Proteobacteria
t638341044,Proteobacteria
t640753009,Proteobacteria
t640753010,Proteobacteria
t639633016,Proteobacteria
t645951862,Proteobacteria
t645951857,Proteobacteria
t640753011,Proteobacteria
t637000054,Proteobacteria
t640753012,Proteobacteria
t647000223,Proteobacteria
t638341049,Proteobacteria
t647000224,Proteobacteria
t639633017,Proteobacteria
t641736195,Proteobacteria
t640753013,Proteobacteria
t638341051,Proteobacteria
t638341052,Proteobacteria
t642979372,Proteobacteria
t640963041,Proteobacteria
t638341053,Proteobacteria
t646862310,Proteobacteria
t648231701,Proteobacteria
t637000055,Proteobacteria
t649633027,Proteobacteria
t650377920,Proteobacteria
t643692014,Proteobacteria
t643886009,Proteobacteria
t645058720,Proteobacteria
t649989919,Proteobacteria
t638341055,Proteobacteria
t647533121,Proteobacteria
t644736333,Proteobacteria
t637000056,Proteobacteria
t637000057,Proteobacteria
t649633028,Proteobacteria
t644736334,Proteobacteria
t644736336,Proteobacteria
t649633029,Proteobacteria
t650716015,Proteobacteria
t650716016,Proteobacteria
t647533122,Proteobacteria
t650716017,Proteobacteria
t638341056,Proteobacteria
t637000058,Proteobacteria
t646564516,Proteobacteria
t648861007,Proteobacteria
t2507262005,Proteobacteria
t2512564072,Proteobacteria
t646564517,Proteobacteria
t639633019,Proteobacteria
t2511231072,Proteobacteria
t651285005,Proteobacteria
t2511231192,Proteobacteria
t640427107,Proteobacteria
t645951819,Proteobacteria
t637000061,Proteobacteria
t643348526,Proteobacteria
t646564519,Proteobacteria
t641522612,Proteobacteria
t642555119,Proteobacteria
t637000160,Proteobacteria
t637000074,Proteobacteria
t637000075,Proteobacteria
t647533124,Proteobacteria
t640753015,Proteobacteria
t646311913,Proteobacteria
t646206256,Proteobacteria
t643886075,Proteobacteria
t647000225,Proteobacteria
t2512047056,Proteobacteria
t650716028,Proteobacteria
t637000081,Proteobacteria
t646564523,Proteobacteria
t645058871,Proteobacteria
t648276631,Proteobacteria
t638341070,Proteobacteria
t2512564078,Proteobacteria
t643348531,Proteobacteria
t643348532,Proteobacteria
t640753021,Proteobacteria
t640963018,Proteobacteria
t637000086,Proteobacteria
t641228487,Proteobacteria
t641736241,Proteobacteria
t640753022,Proteobacteria
t646311918,Proteobacteria
t637000230,Proteobacteria
t637000229,Proteobacteria
t650716031,Proteobacteria
t644736347,Proteobacteria
t2510917037,Proteobacteria
t637000088,Proteobacteria
t2508501046,Proteobacteria
t641228489,Proteobacteria
t650716032,Proteobacteria
t648028023,Proteobacteria
t643348536,Proteobacteria
t2504136006,Proteobacteria
t2508501023,Proteobacteria
t643692021,Proteobacteria
t649633036,Proteobacteria
t641228490,Proteobacteria
t2503692001,Proteobacteria
t644736349,Proteobacteria
t644736350,Proteobacteria
t2509601019,Proteobacteria
t643886196,Proteobacteria
t637000094,Proteobacteria
t649633037,Proteobacteria
t637000095,Proteobacteria
t643348538,Proteobacteria
t648276636,Proteobacteria
t644736352,Proteobacteria
t642979316,Proteobacteria
t644736353,Proteobacteria
t648861008,Proteobacteria
t647000236,Proteobacteria
t2508501038,Proteobacteria
t2508501043,Proteobacteria
t643348539,Proteobacteria
t639633022,Proteobacteria
t637000096,Proteobacteria
t2512564091,Proteobacteria
t2511231045,Proteobacteria
t646564528,Proteobacteria
t638341078,Proteobacteria
t640427112,Proteobacteria
t648028024,Proteobacteria
t646311920,Proteobacteria
t644736354,Proteobacteria
t644736355,Proteobacteria
t641228491,Proteobacteria
t2508501110,Proteobacteria
t644736357,Proteobacteria
t647000237,Proteobacteria
t646311921,Proteobacteria
t648231704,Proteobacteria
t637000097,Proteobacteria
t637000098,Proteobacteria
t638341079,Proteobacteria
t637000099,Proteobacteria
t639279308,Proteobacteria
t639279309,Proteobacteria
t643886208,Proteobacteria
t641736192,Proteobacteria
t645951810,Proteobacteria
t640753051,Proteobacteria
t637000269,Proteobacteria
t2510065031,Proteobacteria
t2511231052,Proteobacteria
t648276728,Proteobacteria
t650716035,Proteobacteria
t642979368,Proteobacteria
t2506520035,Proteobacteria
t649633041,Proteobacteria
t646564529,Proteobacteria
t650377928,Proteobacteria
t651324029,Proteobacteria
t640427113,Proteobacteria
t649989931,Proteobacteria
t646564531,Proteobacteria
t646564530,Proteobacteria
t649633042,Proteobacteria
t646862321,Proteobacteria
t646564532,Proteobacteria
t650377931,Proteobacteria
t642555128,Proteobacteria
t637000103,Proteobacteria
t640963034,Proteobacteria
t638341081,Proteobacteria
t641736163,Proteobacteria
t638341082,Proteobacteria
t649989946,Proteobacteria
t649989947,Proteobacteria
t643348544,Proteobacteria
t643886067,Proteobacteria
t648231705,Proteobacteria
t648231706,Proteobacteria
t644736359,Proteobacteria
t647533158,Proteobacteria
t647533159,Proteobacteria
t647533160,Proteobacteria
t646862323,Proteobacteria
t644736361,Proteobacteria
t646862324,Proteobacteria
t644736362,Proteobacteria
t641522623,Proteobacteria
t651053020,Proteobacteria
t641522625,Proteobacteria
t638341087,Proteobacteria
t650377932,Proteobacteria
t648861009,Proteobacteria
t647533161,Proteobacteria
t648276643,Proteobacteria
t648276644,Proteobacteria
t648276645,Proteobacteria
t643348546,Proteobacteria
t643348547,Proteobacteria
t646311926,Proteobacteria
t646862325,Proteobacteria
t637000110,Proteobacteria
t651053021,Proteobacteria
t648276647,Proteobacteria
t648276648,Proteobacteria
t648276649,Proteobacteria
t648276650,Proteobacteria
t648276651,Proteobacteria
t648276652,Proteobacteria
t648276653,Proteobacteria
t649989948,Proteobacteria
t648276654,Proteobacteria
t648276655,Proteobacteria
t648276656,Proteobacteria
t648276657,Proteobacteria
t648276658,Proteobacteria
t648276659,Proteobacteria
t648276660,Proteobacteria
t648276661,Proteobacteria
t648276662,Proteobacteria
t648276663,Proteobacteria
t648276664,Proteobacteria
t648276665,Proteobacteria
t648276666,Proteobacteria
t651053022,Proteobacteria
t648276667,Proteobacteria
t646311923,Proteobacteria
t646311924,Proteobacteria
t638341086,Proteobacteria
t638341084,Proteobacteria
t643348548,Proteobacteria
t640753024,Proteobacteria
t638341089,Proteobacteria
t638341083,Proteobacteria
t638341085,Proteobacteria
t646862327,Proteobacteria
t642791630,Proteobacteria
t641736212,Proteobacteria
t641736213,Proteobacteria
t641736220,Proteobacteria
t641736221,Proteobacteria
t643348549,Proteobacteria
t641736214,Proteobacteria
t641736210,Proteobacteria
t641736116,Proteobacteria
t641736222,Proteobacteria
t641736225,Proteobacteria
t641736226,Proteobacteria
t641736224,Proteobacteria
t637000107,Proteobacteria
t645951847,Proteobacteria
t645951861,Proteobacteria
t637000108,Proteobacteria
t644736363,Proteobacteria
t642979322,Proteobacteria
t644736365,Proteobacteria
t646862326,Proteobacteria
t640753023,Proteobacteria
t2505679034,Proteobacteria
t2512047089,Proteobacteria
t648028025,Proteobacteria
t646862322,Proteobacteria
t644736364,Proteobacteria
t646564533,Proteobacteria
t2511231131,Proteobacteria
t637000104,Proteobacteria
t637000105,Proteobacteria
t2512047041,Proteobacteria
t643348545,Proteobacteria
t650377933,Proteobacteria
t640753025,Proteobacteria
t643348551,Proteobacteria
t641522624,Proteobacteria
t648276668,Proteobacteria
t648276669,Proteobacteria
t648276670,Proteobacteria
t648276671,Proteobacteria
t651053023,Proteobacteria
t651053024,Proteobacteria
t637000109,Proteobacteria
t2506520037,Proteobacteria
t648276672,Proteobacteria
t650377934,Proteobacteria
t2511231170,Proteobacteria
t2511231198,Proteobacteria
t643692022,Proteobacteria
t646206261,Proteobacteria
t646206259,Proteobacteria
t645058836,Proteobacteria
t648028026,Proteobacteria
t651053025,Proteobacteria
t651053026,Proteobacteria
t645058828,Proteobacteria
t641522628,Proteobacteria
t650716037,Proteobacteria
t2512564035,Proteobacteria
t2512564026,Proteobacteria
t647533165,Proteobacteria
t647533166,Proteobacteria
t641736187,Proteobacteria
t640753028,Proteobacteria
t637000111,Proteobacteria
t637000112,Proteobacteria
t647000250,Proteobacteria
t641522629,Proteobacteria
t642791609,Proteobacteria
t642979314,Proteobacteria
t647533163,Proteobacteria
t647533164,Proteobacteria
t639633024,Proteobacteria
t640069311,Proteobacteria
t637000114,Proteobacteria
t637000113,Proteobacteria
t647533167,Proteobacteria
t643886001,Proteobacteria
t646862328,Proteobacteria
t2509601034,Proteobacteria
t639857001,Proteobacteria
t650716038,Proteobacteria
t648028028,Proteobacteria
t647533249,Proteobacteria
t647533250,Proteobacteria
t642555129,Proteobacteria
t642555130,Proteobacteria
t637000119,Proteobacteria
t643348554,Proteobacteria
t649633049,Proteobacteria
t644736371,Proteobacteria
t648231707,Proteobacteria
t637000120,Proteobacteria
t640427115,Proteobacteria
t2511231080,Proteobacteria
t650716040,Proteobacteria
t643886097,Proteobacteria
t641228493,Proteobacteria
t643348555,Proteobacteria
t647000257,Proteobacteria
t651324036,Proteobacteria
t637000122,Proteobacteria
t637000123,Proteobacteria
t647000258,Proteobacteria
t651324038,Proteobacteria
t637000124,Proteobacteria
t2512047059,Proteobacteria
t645058802,Proteobacteria
t650377944,Proteobacteria
t2512564038,Proteobacteria
t649633050,Proteobacteria
t649633051,Proteobacteria
t647000259,Proteobacteria
t640612215,Proteobacteria
t640612216,Proteobacteria
t640612217,Proteobacteria
t645058852,Proteobacteria
t637000125,Proteobacteria
t640612218,Proteobacteria
t640427116,Proteobacteria
t640427117,Proteobacteria
t640612207,Proteobacteria
t640612208,Proteobacteria
t640612209,Proteobacteria
t650377945,Proteobacteria
t650377946,Proteobacteria
t637000126,Proteobacteria
t647000260,Proteobacteria
t651324039,Proteobacteria
t650377947,Proteobacteria
t2511231078,Proteobacteria
t641736156,Proteobacteria
t643348556,Proteobacteria
t2512047060,Proteobacteria
t637000128,Proteobacteria
t646311933,Proteobacteria
t648028030,Proteobacteria
t651324040,Proteobacteria
t639633026,Proteobacteria
t646311935,Proteobacteria
t637000130,Proteobacteria
t646206257,Proteobacteria
t650716041,Proteobacteria
t647533173,Proteobacteria
t643886213,Proteobacteria
t643886141,Proteobacteria
t649633054,Proteobacteria
t637000131,Proteobacteria
t646564537,Proteobacteria
t643886218,Proteobacteria
t651053029,Proteobacteria
t651053030,Proteobacteria
t637000132,Proteobacteria
t2511231168,Proteobacteria
t646862330,Proteobacteria
t646862329,Proteobacteria
t651053031,Proteobacteria
t648231708,Proteobacteria
t642979330,Proteobacteria
t642979331,Proteobacteria
t644736374,Proteobacteria
t649633055,Proteobacteria
t648231709,Proteobacteria
t2512564071,Proteobacteria
t651053032,Proteobacteria
t651053033,Proteobacteria
t651053034,Proteobacteria
t651053035,Proteobacteria
t643348558,Proteobacteria
t650377949,Proteobacteria
t637000133,Proteobacteria
t642979325,Proteobacteria
t642979332,Proteobacteria
t650377950,Proteobacteria
t637000134,Proteobacteria
t650377951,Proteobacteria
t643348559,Proteobacteria
t648028031,Proteobacteria
t2511231216,Proteobacteria
t2511231147,Proteobacteria
t648028032,Proteobacteria
t2511231139,Proteobacteria
t648231710,Proteobacteria
t642555131,Proteobacteria
t650377952,Proteobacteria
t646862331,Proteobacteria
t649989954,Proteobacteria
t649989955,Proteobacteria
t646206255,Proteobacteria
t648028033,Proteobacteria
t640069313,Proteobacteria
t2504136000,Proteobacteria
t644736375,Proteobacteria
t637000127,Proteobacteria
t641522630,Proteobacteria
t2509276008,Proteobacteria
t641380435,Proteobacteria
t651324043,Proteobacteria
t2506783045,Proteobacteria
t648028034,Proteobacteria
t650716042,Proteobacteria
t637000135,Proteobacteria
t638341106,Proteobacteria
t637000136,Proteobacteria
t2512047061,Proteobacteria
t637000137,Proteobacteria
t640753030,Proteobacteria
t644736377,Proteobacteria
t649633059,Proteobacteria
t2511231188,Proteobacteria
t649989956,Proteobacteria
t651324044,Proteobacteria
t643886193,Proteobacteria
t2511231124,Proteobacteria
t643348560,Proteobacteria
t651053036,Proteobacteria
t646564538,Proteobacteria
t2511231199,Proteobacteria
t640753032,Proteobacteria
t647000262,Proteobacteria
t647533174,Proteobacteria
t651324045,Proteobacteria
t646311937,Proteobacteria
t639857019,Proteobacteria
t647533175,Proteobacteria
t643692026,Proteobacteria
t649989970,Proteobacteria
t637000145,Proteobacteria
t645058794,Proteobacteria
t647000267,Proteobacteria
t648028038,Proteobacteria
t650377956,Proteobacteria
t646564542,Proteobacteria
t640427119,Proteobacteria
t637000146,Proteobacteria
t637000147,Proteobacteria
t2511231146,Proteobacteria
t637000148,Proteobacteria
t2512564009,Proteobacteria
t2510917032,Proteobacteria
t2512047090,Proteobacteria
t641522635,Proteobacteria
t640963026,Proteobacteria
t640612221,Proteobacteria
t638341119,Proteobacteria
t643886068,Proteobacteria
t639633036,Proteobacteria
t637000155,Proteobacteria
t638341121,Proteobacteria
t647000269,Proteobacteria
t647000270,Proteobacteria
t647533181,Proteobacteria
t637000157,Proteobacteria
t2505679018,Proteobacteria
t2510065050,Proteobacteria
t639857036,Proteobacteria
t639857034,Proteobacteria
t647533251,Proteobacteria
t638341247,Proteobacteria
t650377991,Proteobacteria
t640963027,Proteobacteria
t639633037,Proteobacteria
t640612205,Proteobacteria
t2506210002,Proteobacteria
t2506210003,Proteobacteria
t638341124,Proteobacteria
t640753033,Proteobacteria
t639857004,Proteobacteria
t648276686,Proteobacteria
t2509276022,Proteobacteria
t2509276018,Proteobacteria
t2510065059,Proteobacteria
t649633066,Proteobacteria
t637000159,Proteobacteria
t2511231038,Proteobacteria
t2512875016,Proteobacteria
t2512875024,Proteobacteria
t2508501126,Proteobacteria
t2503198000,Proteobacteria
t647000272,Proteobacteria
t2508501127,Proteobacteria
t2508501123,Proteobacteria
t640069319,Proteobacteria
t637000165,Proteobacteria
t648276688,Proteobacteria
t643348563,Proteobacteria
t644736386,Proteobacteria
t644736387,Proteobacteria
t2507262015,Proteobacteria
t641228497,Proteobacteria
t643348564,Proteobacteria
t642555139,Proteobacteria
t641522638,Proteobacteria
t641522639,Proteobacteria
t2508501066,Proteobacteria
t2510065046,Proteobacteria
t643348565,Proteobacteria
t637000166,Proteobacteria
t649989972,Proteobacteria
t651324071,Proteobacteria
t2508501010,Proteobacteria
t651324072,Proteobacteria
t647533183,Proteobacteria
t2512564015,Proteobacteria
t639857020,Proteobacteria
t647000273,Proteobacteria
t2507262027,Proteobacteria
t644736388,Proteobacteria
t646564551,Proteobacteria
t651324073,Proteobacteria
t644736389,Proteobacteria
t649633068,Proteobacteria
t2511231069,Proteobacteria
t2508501050,Proteobacteria
t2508501114,Proteobacteria
t646564552,Proteobacteria
t640963028,Proteobacteria
t650716065,Proteobacteria
t637000186,Proteobacteria
t647533206,Proteobacteria
t643692029,Proteobacteria
t651324074,Proteobacteria
t643886151,Proteobacteria
t647000283,Proteobacteria
t643886198,Proteobacteria
t645058784,Proteobacteria
t647533186,Proteobacteria
t645058801,Proteobacteria
t645058715,Proteobacteria
t645951809,Proteobacteria
t647533187,Proteobacteria
t637000188,Proteobacteria
t645058713,Proteobacteria
t645058714,Proteobacteria
t645058751,Proteobacteria
t642555143,Proteobacteria
t645058731,Proteobacteria
t645058750,Proteobacteria
t645058747,Proteobacteria
t645058745,Proteobacteria
t645058710,Proteobacteria
t645058740,Proteobacteria
t651053047,Proteobacteria
t649633075,Proteobacteria
t643886202,Proteobacteria
t651324075,Proteobacteria
t641228498,Proteobacteria
t646862337,Proteobacteria
t648276705,Proteobacteria
t639633045,Proteobacteria
t651053048,Proteobacteria
t651053049,Proteobacteria
t651053050,Proteobacteria
t651053051,Proteobacteria
t651053052,Proteobacteria
t637000189,Proteobacteria
t651053053,Proteobacteria
t644736394,Proteobacteria
t651053054,Proteobacteria
t637000190,Proteobacteria
t650377962,Proteobacteria
t649989976,Proteobacteria
t643886150,Proteobacteria
t647000284,Proteobacteria
t645058748,Proteobacteria
t648861010,Proteobacteria
t643886194,Proteobacteria
t644736395,Proteobacteria
t637000191,Proteobacteria
t638341142,Proteobacteria
t641380442,Proteobacteria
t649633076,Proteobacteria
t640753037,Proteobacteria
t637000192,Proteobacteria
t638341134,Proteobacteria
t637000193,Proteobacteria
t638341135,Proteobacteria
t646564556,Proteobacteria
t647533188,Proteobacteria
t637000194,Proteobacteria
t648028046,Proteobacteria
t637000195,Proteobacteria
t637000196,Proteobacteria
t650716066,Proteobacteria
t2505679045,Proteobacteria
t650716067,Proteobacteria
t637000197,Proteobacteria
t640427126,Proteobacteria
t651324078,Proteobacteria
t650716068,Proteobacteria
t641380424,Proteobacteria
t638341138,Proteobacteria
t638341139,Proteobacteria
t638341140,Proteobacteria
t2512047035,Proteobacteria
t640753038,Proteobacteria
t645058765,Proteobacteria
t647533189,Proteobacteria
t647533190,Proteobacteria
t651053055,Proteobacteria
t650716069,Proteobacteria
t640427127,Proteobacteria
t642555145,Proteobacteria
t646206250,Proteobacteria
t646206265,Proteobacteria
t651053056,Proteobacteria
t646564558,Proteobacteria
t2511231178,Proteobacteria
t2511231160,Proteobacteria
t649633081,Proteobacteria
t648276708,Proteobacteria
t648028049,Proteobacteria
t639633048,Proteobacteria
t2511231195,Proteobacteria
t651324082,Proteobacteria
t651324084,Proteobacteria
t640753040,Proteobacteria
t648028050,Proteobacteria
t647000288,Proteobacteria
t2512047043,Proteobacteria
t2512564074,Proteobacteria
t637000203,Proteobacteria
t637000102,Proteobacteria
t643886152,Proteobacteria
t644736397,Proteobacteria
t643886054,Proteobacteria
t646311947,Proteobacteria
t648276709,Proteobacteria
t2510917036,Proteobacteria
t2511231054,Proteobacteria
t637000204,Proteobacteria
t639633050,Proteobacteria
t2512047087,Proteobacteria
t641380433,Proteobacteria
t641380432,Proteobacteria
t642555147,Proteobacteria
t638341223,Proteobacteria
t647000291,Proteobacteria
t651285004,Proteobacteria
t638341150,Proteobacteria
t637000206,Proteobacteria
t638341151,Proteobacteria
t644736399,Proteobacteria
t637000207,Proteobacteria
t640963030,Proteobacteria
t639633051,Proteobacteria
t637000208,Proteobacteria
t2512047034,Proteobacteria
t640427129,Proteobacteria
t2503982034,Proteobacteria
t641522644,Proteobacteria
t643886024,Proteobacteria
t642555150,Proteobacteria
t643886117,Proteobacteria
t642979317,Proteobacteria
t643886041,Proteobacteria
t642979318,Proteobacteria
t641736172,Proteobacteria
t637000216,Proteobacteria
t651324093,Proteobacteria
t637000217,Proteobacteria
t649633085,Proteobacteria
t639857033,Proteobacteria
t638341157,Proteobacteria
t2511231094,Proteobacteria
t638341158,Proteobacteria
t649989990,Proteobacteria
t638341159,Proteobacteria
t643348568,Proteobacteria
t2511231183,Proteobacteria
t2511231165,Proteobacteria
t640753042,Proteobacteria
t638341161,Proteobacteria
t637000218,Proteobacteria
t647000299,Proteobacteria
t639279310,Proteobacteria
t650716074,Proteobacteria
t2512047018,Proteobacteria
t637000219,Proteobacteria
t2511231156,Proteobacteria
t2504643024,Proteobacteria
t637000220,Proteobacteria
t637000221,Proteobacteria
t2503538034,Proteobacteria
t649633086,Proteobacteria
t643692031,Proteobacteria
t649989991,Proteobacteria
t2505679082,Proteobacteria
t650716075,Proteobacteria
t640427131,Proteobacteria
t650377963,Proteobacteria
t640427132,Proteobacteria
t641522645,Proteobacteria
t637000222,Proteobacteria
t650716076,Proteobacteria
t641522646,Proteobacteria
t648861013,Proteobacteria
t640427133,Proteobacteria
t650716077,Proteobacteria
t651053060,Proteobacteria
t2507149015,Proteobacteria
t2505313038,Proteobacteria
t647000300,Proteobacteria
t647000301,Proteobacteria
t2505313039,Proteobacteria
t2505313072,Proteobacteria
t2505313036,Proteobacteria
t2505313068,Proteobacteria
t2505313033,Proteobacteria
t2505313067,Proteobacteria
t2505313037,Proteobacteria
t2505313070,Proteobacteria
t2505313069,Proteobacteria
t2505313034,Proteobacteria
t2505313071,Proteobacteria
t645058709,Proteobacteria
t637000223,Proteobacteria
t2505313066,Proteobacteria
t648276717,Proteobacteria
t637000224,Proteobacteria
t645951814,Proteobacteria
t2505313035,Proteobacteria
t637000225,Proteobacteria
t648276718,Proteobacteria
t648276719,Proteobacteria
t648276720,Proteobacteria
t642979329,Proteobacteria
t2511231065,Proteobacteria
t647533200,Proteobacteria
t2512047037,Proteobacteria
t649633087,Proteobacteria
t637000226,Proteobacteria
t637000227,Proteobacteria
t651324094,Proteobacteria
t640427134,Proteobacteria
t639633052,Proteobacteria
t638341167,Proteobacteria
t650716078,Proteobacteria
t2506520038,Proteobacteria
t649633088,Proteobacteria
t640427136,Proteobacteria
t644736400,Proteobacteria
t642555151,Proteobacteria
t2511231074,Proteobacteria
t637000231,Proteobacteria
t651053062,Proteobacteria
t638341168,Proteobacteria
t649989994,Proteobacteria
t650716081,Proteobacteria
t638341169,Proteobacteria
t2512047069,Proteobacteria
t642979303,Proteobacteria
t642979352,Proteobacteria
t640427137,Proteobacteria
t642555152,Proteobacteria
t642979300,Proteobacteria
t642979302,Proteobacteria
t642979301,Proteobacteria
t642979353,Proteobacteria
t2509276052,Proteobacteria
t2510461076,Proteobacteria
t2510065019,Proteobacteria
t2509276033,Proteobacteria
t2510461043,Proteobacteria
t2508501100,Proteobacteria
t2509601047,Proteobacteria
t2509276044,Proteobacteria
t2510065076,Proteobacteria
t2507525018,Proteobacteria
t644736401,Proteobacteria
t643348569,Proteobacteria
t2509276021,Proteobacteria
t2509276034,Proteobacteria
t2512875034,Proteobacteria
t639633055,Proteobacteria
t643348504,Proteobacteria
t643692032,Proteobacteria
t2506520041,Proteobacteria
t2510065087,Proteobacteria
t2510065060,Proteobacteria
t646564563,Proteobacteria
t647000304,Proteobacteria
t640069327,Proteobacteria
t640427138,Proteobacteria
t640069328,Proteobacteria
t643348570,Proteobacteria
t651324095,Proteobacteria
t647533202,Proteobacteria
t640612203,Proteobacteria
t647533203,Proteobacteria
t639857003,Proteobacteria
t643348571,Proteobacteria
t637000235,Proteobacteria
t649633090,Proteobacteria
t639279312,Proteobacteria
t637000237,Proteobacteria
t637000238,Proteobacteria
t637000239,Proteobacteria
t649633091,Proteobacteria
t637000240,Proteobacteria
t642555153,Proteobacteria
t2511231162,Proteobacteria
t637000241,Proteobacteria
t644736402,Proteobacteria
t640753043,Proteobacteria
t2512564059,Proteobacteria
t640753044,Proteobacteria
t637000242,Proteobacteria
t2512564031,Proteobacteria
t640753045,Proteobacteria
t637000243,Proteobacteria
t647533204,Proteobacteria
t637000244,Proteobacteria
t650716082,Proteobacteria
t2511231062,Proteobacteria
t2512564029,Proteobacteria
t641228503,Proteobacteria
t2512564067,Proteobacteria
t2512564062,Proteobacteria
t644736403,Proteobacteria
t2512564043,Proteobacteria
t637000245,Proteobacteria
t646862338,Proteobacteria
t2512564064,Proteobacteria
t2512564030,Proteobacteria
t2512564034,Proteobacteria
t2512564080,Proteobacteria
t2512564053,Proteobacteria
t2512564049,Proteobacteria
t2512564070,Proteobacteria
t2512564076,Proteobacteria
t2512564040,Proteobacteria
t2512564048,Proteobacteria
t2512564047,Proteobacteria
t641522647,Proteobacteria
t2512564054,Proteobacteria
t2512564077,Proteobacteria
t640753046,Proteobacteria
t638341178,Proteobacteria
t2511231061,Proteobacteria
t2512564061,Proteobacteria
t2512564075,Proteobacteria
t2512564057,Proteobacteria
t637000246,Proteobacteria
t647533246,Proteobacteria
t638341179,Proteobacteria
t648861014,Proteobacteria
t639633056,Proteobacteria
t650716083,Proteobacteria
t640963029,Proteobacteria
t638341182,Proteobacteria
t640612220,Proteobacteria
t638341183,Proteobacteria
t638341184,Proteobacteria
t640963035,Proteobacteria
t651324096,Proteobacteria
t637000267,Proteobacteria
t647533201,Proteobacteria
t637000268,Proteobacteria
t2503113005,Proteobacteria
t637000249,Proteobacteria
t640612219,Proteobacteria
t651324097,Proteobacteria
t650716084,Proteobacteria
t642555154,Proteobacteria
t643692035,Proteobacteria
t641228505,Proteobacteria
t641736231,Proteobacteria
t650377972,Proteobacteria
t641736105,Proteobacteria
t637000251,Proteobacteria
t643348572,Proteobacteria
t643348573,Proteobacteria
t641736208,Proteobacteria
t641736102,Proteobacteria
t641736103,Proteobacteria
t641736234,Proteobacteria
t641736111,Proteobacteria
t637000252,Proteobacteria
t641228506,Proteobacteria
t641736233,Proteobacteria
t641736230,Proteobacteria
t641736100,Proteobacteria
t645058837,Proteobacteria
t642979345,Proteobacteria
t642979347,Proteobacteria
t637000254,Proteobacteria
t642979344,Proteobacteria
t642979343,Proteobacteria
t642979342,Proteobacteria
t642979341,Proteobacteria
t642979340,Proteobacteria
t642979346,Proteobacteria
t642979339,Proteobacteria
t642979348,Proteobacteria
t637000253,Proteobacteria
t2512564045,Proteobacteria
t646862340,Proteobacteria
t2512564037,Proteobacteria
t650377971,Proteobacteria
t2512564027,Proteobacteria
t646862339,Proteobacteria
t637000255,Proteobacteria
t2512564051,Proteobacteria
t2512564046,Proteobacteria
t2512564052,Proteobacteria
t641736185,Proteobacteria
t641736209,Proteobacteria
t2511231218,Proteobacteria
t2511231164,Proteobacteria
t2512564066,Proteobacteria
t651053064,Proteobacteria
t651053065,Proteobacteria
t642555155,Proteobacteria
t642555156,Proteobacteria
t642555157,Proteobacteria
t642555158,Proteobacteria
t642555159,Proteobacteria
t647000311,Proteobacteria
t647000312,Proteobacteria
t2506520007,Proteobacteria
t640753048,Proteobacteria
t2508501071,Proteobacteria
t639633057,Proteobacteria
t648276724,Proteobacteria
t651053066,Proteobacteria
t640069330,Proteobacteria
t648276725,Proteobacteria
t640753049,Proteobacteria
t641228507,Proteobacteria
t643348574,Proteobacteria
t2507262035,Proteobacteria
t641380425,Proteobacteria
t637000256,Proteobacteria
t637000257,Proteobacteria
t641522648,Proteobacteria
t640069331,Proteobacteria
t637000258,Proteobacteria
t641228508,Proteobacteria
t643348575,Proteobacteria
t2510436004,Proteobacteria
t640427141,Proteobacteria
t640753050,Proteobacteria
t639633058,Proteobacteria
t651324098,Proteobacteria
t637000259,Proteobacteria
t637000260,Proteobacteria
t639633059,Proteobacteria
t2511231030,Proteobacteria
t646564568,Proteobacteria
t641522649,Proteobacteria
t641522650,Proteobacteria
t637000261,Proteobacteria
t638341196,Proteobacteria
t649989998,Proteobacteria
t640427142,Proteobacteria
t646862341,Proteobacteria
t637000263,Proteobacteria
t637000264,Proteobacteria
t637000265,Proteobacteria
t640427143,Proteobacteria
t645058835,Proteobacteria
t646564569,Proteobacteria
t647533208,Proteobacteria
t647533209,Proteobacteria
t647533210,Proteobacteria
t2512047086,Proteobacteria
t2510917035,Proteobacteria
t2511231176,Proteobacteria
t2512875026,Proteobacteria
t650716086,Proteobacteria
t2510065056,Proteobacteria
t651053067,Proteobacteria
t2510065057,Proteobacteria
t2512564016,Proteobacteria
t2509276019,Proteobacteria
t2508501122,Proteobacteria
t637000270,Proteobacteria
t641228509,Proteobacteria
t648276729,Proteobacteria
t646564570,Proteobacteria
t2511231055,Proteobacteria
t651324099,Proteobacteria
t638341199,Proteobacteria
t640427144,Proteobacteria
t637000271,Proteobacteria
t648028054,Proteobacteria
t642555161,Proteobacteria
t642555162,Proteobacteria
t647533230,Proteobacteria
t649633096,Proteobacteria
t639857000,Proteobacteria
t649990019,Proteobacteria
t638341211,Proteobacteria
t647533205,Proteobacteria
t638341212,Proteobacteria
t649633097,Proteobacteria
t648028058,Proteobacteria
t637000326,Proteobacteria
t2506783064,Proteobacteria
t646311960,Proteobacteria
t640753056,Proteobacteria
t649990021,Proteobacteria
t639633063,Proteobacteria
t2509601044,Proteobacteria
t637000317,Proteobacteria
t2511231127,Proteobacteria
t649633099,Proteobacteria
t644736410,Proteobacteria
t2510917000,Proteobacteria
t647533238,Proteobacteria
t643692051,Proteobacteria
t2506783063,Proteobacteria
t2505679009,Proteobacteria
t2512875033,Proteobacteria
t643348585,Proteobacteria
t646564584,Proteobacteria
t2506520043,Proteobacteria
t637000324,Proteobacteria
t2508501107,Proteobacteria
t2508501051,Proteobacteria
t2506783059,Proteobacteria
t637000325,Proteobacteria
t646564585,Proteobacteria
t651053077,Proteobacteria
t2510065015,Proteobacteria
t2509276036,Proteobacteria
t2508501048,Proteobacteria
t2506520049,Proteobacteria
t643692052,Proteobacteria
t649633106,Proteobacteria
t644736413,Proteobacteria
t639633065,Proteobacteria
t638341222,Proteobacteria
t647000332,Proteobacteria
t650716104,Proteobacteria
t649990028,Proteobacteria
t641380451,Proteobacteria
t649990029,Proteobacteria
t640963020,Proteobacteria
t640196212,Proteobacteria
t640963003,Proteobacteria
t647533244,Proteobacteria
t640963005,Proteobacteria
t645058808,Proteobacteria
t645058741,Proteobacteria
t645058746,Proteobacteria
t647000333,Proteobacteria
t2512564028,Proteobacteria
t647000334,Proteobacteria
t651053078,Proteobacteria
t643692053,Proteobacteria
t640963019,Proteobacteria
t643692054,Proteobacteria
t638341224,Proteobacteria
t640963004,Proteobacteria
t640963021,Proteobacteria
t640963006,Proteobacteria
t637000333,Proteobacteria
t646862349,Proteobacteria
t640427151,Proteobacteria
t647000335,Proteobacteria
t638341226,Proteobacteria
t645058806,Proteobacteria
t645058805,Proteobacteria
t645058807,Proteobacteria
t638341227,Proteobacteria
t638341228,Proteobacteria
t645058804,Proteobacteria
t2511231085,Proteobacteria
t645058798,Proteobacteria
t647000336,Proteobacteria
t637000334,Proteobacteria
t642555167,Proteobacteria
t650377984,Proteobacteria
t2511231097,Proteobacteria
t647000337,Proteobacteria
t647000338,Proteobacteria
t640753058,Proteobacteria
t640963010,Proteobacteria
t2512047077,Proteobacteria
t647000339,Proteobacteria
t647000340,Proteobacteria
t647000341,Proteobacteria
t645951853,Proteobacteria
t645951841,Proteobacteria
t2512047078,Proteobacteria
t647000342,Proteobacteria
t647533245,Proteobacteria
t648276755,Proteobacteria
t640963009,Proteobacteria
t648276756,Proteobacteria
t648276757,Proteobacteria
t648276758,Proteobacteria
t637000335,Proteobacteria
t2512047079,Proteobacteria
t640963038,Proteobacteria
t649990030,Proteobacteria
t2511231129,Proteobacteria
t638341229,Proteobacteria
t646311966,Proteobacteria
t638341230,Proteobacteria
t2512047080,Proteobacteria
t647000343,Proteobacteria
t647000344,Proteobacteria
t638341231,Proteobacteria
t643348587,Proteobacteria
t2512047081,Proteobacteria
t637000336,Proteobacteria
t649633107,Proteobacteria
t637000337,Proteobacteria
t640963044,Proteobacteria
t637000338,Proteobacteria
t2511231135,Proteobacteria
t637000340,Proteobacteria
t642979308,Proteobacteria
t642555168,Proteobacteria
t638341232,Proteobacteria
t637000339,Proteobacteria
t638341233,Proteobacteria
t638341234,Proteobacteria
t643692055,Proteobacteria
t643886011,Proteobacteria
t637000341,Proteobacteria
t640753059,Proteobacteria
t646311967,Proteobacteria
t637000342,Proteobacteria
t2511231060,Proteobacteria
t637000343,Proteobacteria
t637000344,Proteobacteria
t642555169,Proteobacteria
t637000345,Proteobacteria
t647000345,Proteobacteria
t2511231136,Proteobacteria
t647000346,Proteobacteria
t647000347,Proteobacteria
t647000348,Proteobacteria
t651324109,Proteobacteria
t637000347,Proteobacteria
t641736188,Proteobacteria
t637000346,Proteobacteria
t642555170,Proteobacteria
t651324110,Proteobacteria
t651324111,Proteobacteria
t646564589,Proteobacteria
t649633108,Proteobacteria
t637000348,Proteobacteria
t638341237,Proteobacteria
t641522659,Proteobacteria
t641522660,Proteobacteria
t637000349,Proteobacteria
t648231719,Proteobacteria
t638341236,Proteobacteria
t2509601014,Proteobacteria
t645058792,Proteobacteria
t638341238,Proteobacteria
t640069335,Proteobacteria
t650716106,Proteobacteria
t651053079,Proteobacteria
t638341239,Proteobacteria
t638341240,Proteobacteria
t645058790,Proteobacteria
t638341241,Proteobacteria
t2511231145,Proteobacteria
t641228512,Proteobacteria
t637000350,Proteobacteria
t640963031,Proteobacteria
t637000351,Proteobacteria
t646862350,Proteobacteria
t646862351,Proteobacteria
t641736211,Proteobacteria
t637000352,Proteobacteria
t647000349,Proteobacteria
t650377987,Proteobacteria
t637000353,Proteobacteria
t645058759,Proteobacteria
t645058767,Proteobacteria
t640427152,Proteobacteria
t646564590,Proteobacteria
t641736242,Proteobacteria
t641736244,Proteobacteria
t641736248,Proteobacteria
t641736243,Proteobacteria
t637000354,Proteobacteria
t641736228,Proteobacteria
t638341243,Proteobacteria
t645058768,Proteobacteria
t641736247,Proteobacteria
t645058769,Proteobacteria
t640753060,Proteobacteria
t637000355,Proteobacteria
t642555171,Proteobacteria
t641522661,Proteobacteria
t645058789,Proteobacteria
t645058791,Proteobacteria
t646311969,Proteobacteria
t645058785,Proteobacteria
t637000356,Proteobacteria
t650716107,Proteobacteria
t647533247,Proteobacteria
t648276759,Proteobacteria
t638341245,Proteobacteria
t651324112,Proteobacteria
t651324113,Proteobacteria
t651324114,Proteobacteria
t647533248,Proteobacteria
t2511231104,Proteobacteria
t643692020,Thermi
t641228488,Thermi
t2509276064,Thermi
t649633034,Thermi
t2509276065,Thermi
t2508501115,Thermi
t649633035,Thermi
t637000092,Thermi
t2504643006,Thermi
t2510065032,Thermi
t646564545,Thermi
t646564546,Thermi
t649633077,Thermi
t645058872,Thermi
t2508501045,Thermi
t649633105,Thermi
t637000322,Thermi
t637000323,Thermi
t2508501108,Thermi
t2505679077,Thermi
t646564586,Thermi
t642555120,Chlorobi
t637000072,Chlorobi
t638341060,Chlorobi
t642555121,Chlorobi
t642555122,Chlorobi
t639633020,Chlorobi
t640427130,Chlorobi
t637000073,Chlorobi
t642555123,Chlorobi
t637000205,Chlorobi
t642555146,Chlorobi
t642555149,Chlorobi
t643692001,Acidobacteria
t2512047033,Acidobacteria
t648276601,Acidobacteria
t649633002,Acidobacteria
t2509601028,Acidobacteria
t637000001,Acidobacteria
t639633060,Acidobacteria
t2510461070,Acidobacteria
t649633100,Acidobacteria
t646564501,Euryarchaeota
t647533100,Euryarchaeota
t638154502,Euryarchaeota
t646311906,Euryarchaeota
t640753014,Euryarchaeota
t646564534,Euryarchaeota
t638341092,Euryarchaeota
t649989953,Euryarchaeota
t648028029,Euryarchaeota
t638154503,Euryarchaeota
t641522631,Euryarchaeota
t638154504,Euryarchaeota
t646564536,Euryarchaeota
t649633053,Euryarchaeota
t644736372,Euryarchaeota
t651053028,Euryarchaeota
t637000129,Euryarchaeota
t651324042,Euryarchaeota
t644736373,Euryarchaeota
t643692025,Euryarchaeota
t646311934,Euryarchaeota
t650716052,Euryarchaeota
t650716053,Euryarchaeota
t646311943,Euryarchaeota
t643886144,Euryarchaeota
t643886215,Euryarchaeota
t640427121,Euryarchaeota
t644736385,Euryarchaeota
t646564547,Euryarchaeota
t638154505,Euryarchaeota
t646564548,Euryarchaeota
t646311944,Euryarchaeota
t646311945,Euryarchaeota
t640427153,Euryarchaeota
t637000161,Euryarchaeota
t640753034,Euryarchaeota
t640069316,Euryarchaeota
t641228496,Euryarchaeota
t640753035,Euryarchaeota
t638154506,Euryarchaeota
t640753036,Euryarchaeota
t646564549,Euryarchaeota
t640069317,Euryarchaeota
t640069318,Euryarchaeota
t648028039,Euryarchaeota
t646564550,Euryarchaeota
t648028040,Euryarchaeota
t638154507,Euryarchaeota
t650716054,Euryarchaeota
t639633038,Euryarchaeota
t638154508,Euryarchaeota
t637000162,Euryarchaeota
t638154509,Euryarchaeota
t637000163,Euryarchaeota
t643348525,Euryarchaeota
t637000164,Euryarchaeota
t648028041,Euryarchaeota
t638154510,Euryarchaeota
t650716055,Euryarchaeota
t649633067,Euryarchaeota
t650716056,Euryarchaeota
t646564555,Euryarchaeota
t637000187,Euryarchaeota
t638154512,Euryarchaeota
t638154514,Euryarchaeota
t638154515,Euryarchaeota
t638154516,Euryarchaeota
t650716079,Euryarchaeota
t650716080,Euryarchaeota
t650716096,Euryarchaeota
t644736411,Euryarchaeota
t638154520,Euryarchaeota
t643348580,Euryarchaeota
t644736412,Euryarchaeota
t650716097,Euryarchaeota
t647533240,Euryarchaeota
t638154521,Euryarchaeota
t638154522,Euryarchaeota
t643886181,Firmicutes
t648276600,Firmicutes
t2510461053,Firmicutes
t2512047040,Firmicutes
t648028002,Firmicutes
t651324002,Firmicutes
t646311901,Firmicutes
t2511231106,Firmicutes
t643886056,Firmicutes
t650716005,Firmicutes
t647000207,Firmicutes
t642979336,Firmicutes
t644736325,Firmicutes
t2511231141,Firmicutes
t640753002,Firmicutes
t641228475,Firmicutes
t646311904,Firmicutes
t651324009,Firmicutes
t642979323,Firmicutes
t643886145,Firmicutes
t644736326,Firmicutes
t643886055,Firmicutes
t645058761,Firmicutes
t641736193,Firmicutes
t641736227,Firmicutes
t649989907,Firmicutes
t641736271,Firmicutes
t643348508,Firmicutes
t2511231119,Firmicutes
t649633008,Firmicutes
t640753005,Firmicutes
t651053001,Firmicutes
t651053002,Firmicutes
t2511231180,Firmicutes
t641736251,Firmicutes
t641736158,Firmicutes
t643692005,Firmicutes
t641736155,Firmicutes
t641736159,Firmicutes
t641736250,Firmicutes
t641736173,Firmicutes
t645058778,Firmicutes
t638341011,Firmicutes
t637000014,Firmicutes
t637000013,Firmicutes
t645058773,Firmicutes
t643692006,Firmicutes
t648028007,Firmicutes
t645058779,Firmicutes
t645058771,Firmicutes
t637000015,Firmicutes
t641736138,Firmicutes
t645058772,Firmicutes
t645058774,Firmicutes
t649633009,Firmicutes
t649633010,Firmicutes
t643692007,Firmicutes
t641736135,Firmicutes
t643886037,Firmicutes
t643886161,Firmicutes
t641736134,Firmicutes
t643886178,Firmicutes
t643886177,Firmicutes
t643886176,Firmicutes
t643348510,Firmicutes
t643886180,Firmicutes
t643886031,Firmicutes
t643886179,Firmicutes
t643348511,Firmicutes
t643886035,Firmicutes
t637000016,Firmicutes
t637000017,Firmicutes
t643886033,Firmicutes
t643348512,Firmicutes
t643886162,Firmicutes
t643886163,Firmicutes
t643886165,Firmicutes
t643886164,Firmicutes
t643886036,Firmicutes
t637000018,Firmicutes
t643886101,Firmicutes
t638341012,Firmicutes
t643348513,Firmicutes
t641736136,Firmicutes
t643886038,Firmicutes
t2511231081,Firmicutes
t641736141,Firmicutes
t643348514,Firmicutes
t643886032,Firmicutes
t643886123,Firmicutes
t643886160,Firmicutes
t643886159,Firmicutes
t643886158,Firmicutes
t643886157,Firmicutes
t643886026,Firmicutes
t643886105,Firmicutes
t643886156,Firmicutes
t648276622,Firmicutes
t641736182,Firmicutes
t640753006,Firmicutes
t643886042,Firmicutes
t643886166,Firmicutes
t637000019,Firmicutes
t650716010,Firmicutes
t645058869,Firmicutes
t642979338,Firmicutes
t637000020,Firmicutes
t639279303,Firmicutes
t639279304,Firmicutes
t646564507,Firmicutes
t646564508,Firmicutes
t2511231161,Firmicutes
t643886175,Firmicutes
t643886174,Firmicutes
t643886173,Firmicutes
t646311908,Firmicutes
t643886172,Firmicutes
t642791616,Firmicutes
t640753007,Firmicutes
t646564509,Firmicutes
t2506520047,Firmicutes
t649989909,Firmicutes
t640612200,Firmicutes
t649989910,Firmicutes
t649989911,Firmicutes
t638341014,Firmicutes
t640963033,Firmicutes
t649633011,Firmicutes
t643886130,Firmicutes
t650377907,Firmicutes
t647000211,Firmicutes
t2511231064,Firmicutes
t648028008,Firmicutes
t643886132,Firmicutes
t646311909,Firmicutes
t643886131,Firmicutes
t2511231173,Firmicutes
t643886129,Firmicutes
t639633008,Firmicutes
t646564510,Firmicutes
t643886171,Firmicutes
t643886094,Firmicutes
t643886092,Firmicutes
t651053003,Firmicutes
t643886086,Firmicutes
t643886085,Firmicutes
t643886096,Firmicutes
t638341015,Firmicutes
t637000023,Firmicutes
t643886087,Firmicutes
t643886088,Firmicutes
t643886090,Firmicutes
t643886126,Firmicutes
t643886093,Firmicutes
t643886089,Firmicutes
t643886091,Firmicutes
t643886071,Firmicutes
t650377908,Firmicutes
t646564511,Firmicutes
t641228477,Firmicutes
t642979337,Firmicutes
t643886146,Firmicutes
t643886199,Firmicutes
t643692011,Firmicutes
t651324016,Firmicutes
t643886107,Firmicutes
t647000218,Firmicutes
t645951834,Firmicutes
t650377919,Firmicutes
t648028012,Firmicutes
t651324017,Firmicutes
t2510065085,Firmicutes
t643692002,Firmicutes
t649633022,Firmicutes
t649633023,Firmicutes
t649633024,Firmicutes
t649989918,Firmicutes
t648028013,Firmicutes
t649633025,Firmicutes
t640427106,Firmicutes
t2511231076,Firmicutes
t2511231204,Firmicutes
t2511231057,Firmicutes
t641522610,Firmicutes
t647533123,Firmicutes
t2510065088,Firmicutes
t637000060,Firmicutes
t650716020,Firmicutes
t641380440,Firmicutes
t643886110,Firmicutes
t643886188,Firmicutes
t651324021,Firmicutes
t646564521,Firmicutes
t643886007,Firmicutes
t650377988,Firmicutes
t650377989,Firmicutes
t650377990,Firmicutes
t637000076,Firmicutes
t650716024,Firmicutes
t651053017,Firmicutes
t2509887034,Firmicutes
t643886112,Firmicutes
t641736113,Firmicutes
t640753016,Firmicutes
t641380428,Firmicutes
t643692016,Firmicutes
t641522618,Firmicutes
t650716025,Firmicutes
t643692017,Firmicutes
t641736148,Firmicutes
t640753018,Firmicutes
t640753017,Firmicutes
t641522617,Firmicutes
t641522619,Firmicutes
t645058817,Firmicutes
t645058813,Firmicutes
t642555125,Firmicutes
t646862320,Firmicutes
t640753019,Firmicutes
t651053018,Firmicutes
t641736137,Firmicutes
t640427109,Firmicutes
t641736147,Firmicutes
t641736144,Firmicutes
t645058703,Firmicutes
t2506783038,Firmicutes
t647533125,Firmicutes
t645058736,Firmicutes
t2506783008,Firmicutes
t643348528,Firmicutes
t648028016,Firmicutes
t648276630,Firmicutes
t650377923,Firmicutes
t2507262051,Firmicutes
t640069308,Firmicutes
t647000226,Firmicutes
t646311914,Firmicutes
t642791606,Firmicutes
t647000227,Firmicutes
t647000228,Firmicutes
t642791631,Firmicutes
t638341066,Firmicutes
t641736218,Firmicutes
t641736217,Firmicutes
t645058803,Firmicutes
t641736216,Firmicutes
t641736219,Firmicutes
t646311915,Firmicutes
t2512047057,Firmicutes
t645951835,Firmicutes
t642979371,Firmicutes
t642979359,Firmicutes
t640753020,Firmicutes
t643348529,Firmicutes
t650716026,Firmicutes
t641380427,Firmicutes
t648028017,Firmicutes
t643886206,Firmicutes
t642979369,Firmicutes
t639633021,Firmicutes
t645058763,Firmicutes
t637000079,Firmicutes
t637000077,Firmicutes
t641736153,Firmicutes
t641736152,Firmicutes
t642555126,Firmicutes
t641736146,Firmicutes
t641736143,Firmicutes
t641736249,Firmicutes
t641736145,Firmicutes
t641228486,Firmicutes
t641736198,Firmicutes
t648028018,Firmicutes
t641736197,Firmicutes
t643886005,Firmicutes
t646206260,Firmicutes
t2509276051,Firmicutes
t651285002,Firmicutes
t649989921,Firmicutes
t641380448,Firmicutes
t641736270,Firmicutes
t650716027,Firmicutes
t641736169,Firmicutes
t642791615,Firmicutes
t649633033,Firmicutes
t649989922,Firmicutes
t649989923,Firmicutes
t637000080,Firmicutes
t640069309,Firmicutes
t645058753,Firmicutes
t642791610,Firmicutes
t650377924,Firmicutes
t649989924,Firmicutes
t646206251,Firmicutes
t650377925,Firmicutes
t643886116,Firmicutes
t641380422,Firmicutes
t650377926,Firmicutes
t643348530,Firmicutes
t2510065016,Firmicutes
t651324024,Firmicutes
t2507262031,Firmicutes
t2507149019,Firmicutes
t643348537,Firmicutes
t637000093,Firmicutes
t2507149024,Firmicutes
t2512875014,Firmicutes
t2510917033,Firmicutes
t2501915963,Firmicutes
t2506783061,Firmicutes
t2510065044,Firmicutes
t2508501136,Firmicutes
t2508501001,Firmicutes
t644736351,Firmicutes
t2508501002,Firmicutes
t2507262026,Firmicutes
t649989927,Firmicutes
t640069310,Firmicutes
t650716033,Firmicutes
t643886183,Firmicutes
t645951833,Firmicutes
t651324025,Firmicutes
t649989928,Firmicutes
t641736133,Firmicutes
t640963046,Firmicutes
t651324030,Firmicutes
t647533127,Firmicutes
t647533128,Firmicutes
t647533129,Firmicutes
t650377929,Firmicutes
t647533130,Firmicutes
t643886004,Firmicutes
t647533131,Firmicutes
t647533132,Firmicutes
t647533133,Firmicutes
t649989932,Firmicutes
t649989933,Firmicutes
t647533134,Firmicutes
t647533135,Firmicutes
t647533136,Firmicutes
t643886073,Firmicutes
t647533137,Firmicutes
t647533138,Firmicutes
t647533139,Firmicutes
t2511231133,Firmicutes
t647000238,Firmicutes
t647000239,Firmicutes
t647000240,Firmicutes
t647533140,Firmicutes
t647533141,Firmicutes
t647533142,Firmicutes
t647533143,Firmicutes
t647533144,Firmicutes
t645058711,Firmicutes
t649989934,Firmicutes
t643886065,Firmicutes
t648276637,Firmicutes
t648276638,Firmicutes
t649989935,Firmicutes
t649989936,Firmicutes
t648276639,Firmicutes
t648276640,Firmicutes
t643886064,Firmicutes
t648276641,Firmicutes
t648276642,Firmicutes
t637000101,Firmicutes
t647533145,Firmicutes
t647533146,Firmicutes
t647533147,Firmicutes
t647533148,Firmicutes
t647533149,Firmicutes
t647533150,Firmicutes
t647533151,Firmicutes
t647533152,Firmicutes
t647533153,Firmicutes
t647533154,Firmicutes
t647000241,Firmicutes
t638341080,Firmicutes
t645951856,Firmicutes
t647000242,Firmicutes
t647000243,Firmicutes
t647000244,Firmicutes
t647000245,Firmicutes
t647000246,Firmicutes
t647000247,Firmicutes
t647533155,Firmicutes
t649989937,Firmicutes
t649989938,Firmicutes
t649989939,Firmicutes
t649989940,Firmicutes
t649989941,Firmicutes
t649989942,Firmicutes
t643886120,Firmicutes
t647000248,Firmicutes
t647533156,Firmicutes
t649989943,Firmicutes
t650377930,Firmicutes
t641736109,Firmicutes
t649989944,Firmicutes
t645951852,Firmicutes
t650716036,Firmicutes
t647533157,Firmicutes
t649989945,Firmicutes
t649633043,Firmicutes
t642979360,Firmicutes
t2509276007,Firmicutes
t649989949,Firmicutes
t650377935,Firmicutes
t641380446,Firmicutes
t644736366,Firmicutes
t643886203,Firmicutes
t649633044,Firmicutes
t644736367,Firmicutes
t650377936,Firmicutes
t650377937,Firmicutes
t649989950,Firmicutes
t645058705,Firmicutes
t650377938,Firmicutes
t641736184,Firmicutes
t650377939,Firmicutes
t640963022,Firmicutes
t648276673,Firmicutes
t641522626,Firmicutes
t643692023,Firmicutes
t649989951,Firmicutes
t645951831,Firmicutes
t650377941,Firmicutes
t641380420,Firmicutes
t650377940,Firmicutes
t2511231077,Firmicutes
t648276674,Firmicutes
t641522627,Firmicutes
t648276675,Firmicutes
t648276676,Firmicutes
t651324031,Firmicutes
t645058834,Firmicutes
t651324034,Firmicutes
t649989952,Firmicutes
t651324035,Firmicutes
t637000118,Firmicutes
t2508501004,Firmicutes
t646564535,Firmicutes
t642791603,Firmicutes
t644736370,Firmicutes
t649633047,Firmicutes
t649633048,Firmicutes
t646311930,Firmicutes
t640069312,Firmicutes
t650716039,Firmicutes
t2511231121,Firmicutes
t645951817,Firmicutes
t647533172,Firmicutes
t649633052,Firmicutes
t650377948,Firmicutes
t2509601017,Firmicutes
t2509887032,Firmicutes
t643348557,Firmicutes
t641522632,Firmicutes
t643886103,Firmicutes
t651324046,Firmicutes
t651324047,Firmicutes
t651324048,Firmicutes
t651324049,Firmicutes
t651324050,Firmicutes
t651324051,Firmicutes
t651324052,Firmicutes
t651324053,Firmicutes
t651324054,Firmicutes
t651324055,Firmicutes
t649989957,Firmicutes
t649989958,Firmicutes
t651324056,Firmicutes
t650716045,Firmicutes
t643886014,Firmicutes
t637000138,Firmicutes
t647000263,Firmicutes
t650716046,Firmicutes
t651053037,Firmicutes
t651324057,Firmicutes
t645951838,Firmicutes
t639633027,Firmicutes
t643886059,Firmicutes
t643886062,Firmicutes
t639633028,Firmicutes
t651053038,Firmicutes
t651053039,Firmicutes
t649633061,Firmicutes
t642555134,Firmicutes
t646206276,Firmicutes
t651324058,Firmicutes
t651324059,Firmicutes
t647533176,Firmicutes
t647000264,Firmicutes
t651285003,Firmicutes
t643886212,Firmicutes
t646206277,Firmicutes
t647533177,Firmicutes
t646564539,Firmicutes
t650377954,Firmicutes
t637000139,Firmicutes
t639633029,Firmicutes
t649633062,Firmicutes
t648276681,Firmicutes
t651324060,Firmicutes
t647533178,Firmicutes
t643886061,Firmicutes
t648231711,Firmicutes
t641522633,Firmicutes
t651324061,Firmicutes
t645058712,Firmicutes
t647000265,Firmicutes
t639633030,Firmicutes
t643886066,Firmicutes
t643886189,Firmicutes
t641228495,Firmicutes
t645951865,Firmicutes
t650377955,Firmicutes
t643886044,Firmicutes
t648276682,Firmicutes
t649989959,Firmicutes
t645951832,Firmicutes
t649989960,Firmicutes
t649989961,Firmicutes
t649989962,Firmicutes
t649989963,Firmicutes
t649989964,Firmicutes
t649989965,Firmicutes
t649989966,Firmicutes
t649989967,Firmicutes
t651324062,Firmicutes
t649989968,Firmicutes
t651324063,Firmicutes
t651324064,Firmicutes
t647533179,Firmicutes
t643886217,Firmicutes
t647000266,Firmicutes
t645058722,Firmicutes
t646206278,Firmicutes
t648276683,Firmicutes
t647533180,Firmicutes
t643886046,Firmicutes
t651053040,Firmicutes
t646564540,Firmicutes
t637000140,Firmicutes
t650716047,Firmicutes
t649989969,Firmicutes
t643886139,Firmicutes
t643886051,Firmicutes
t643886053,Firmicutes
t644736381,Firmicutes
t637000141,Firmicutes
t648028037,Firmicutes
t2500069000,Firmicutes
t638341112,Firmicutes
t643886138,Firmicutes
t642555135,Firmicutes
t640427118,Firmicutes
t643886027,Firmicutes
t643886052,Firmicutes
t650716048,Firmicutes
t644736382,Firmicutes
t646862332,Firmicutes
t642979366,Firmicutes
t2511231185,Firmicutes
t643886127,Firmicutes
t644736383,Firmicutes
t643886045,Firmicutes
t651324065,Firmicutes
t637000142,Firmicutes
t643886048,Firmicutes
t648276684,Firmicutes
t648231712,Firmicutes
t637000143,Firmicutes
t2511231118,Firmicutes
t643886047,Firmicutes
t643886050,Firmicutes
t2511231101,Firmicutes
t2511231201,Firmicutes
t2511231149,Firmicutes
t640069315,Firmicutes
t648231713,Firmicutes
t639633031,Firmicutes
t637000144,Firmicutes
t646311940,Firmicutes
t651053041,Firmicutes
t651324066,Firmicutes
t641522636,Firmicutes
t651324067,Firmicutes
t649633064,Firmicutes
t651324068,Firmicutes
t651324069,Firmicutes
t646564543,Firmicutes
t643886109,Firmicutes
t639633034,Firmicutes
t2511231143,Firmicutes
t650716049,Firmicutes
t643886115,Firmicutes
t637000152,Firmicutes
t2511231098,Firmicutes
t646311941,Firmicutes
t646311942,Firmicutes
t638341117,Firmicutes
t640963064,Firmicutes
t2511231174,Firmicutes
t650377957,Firmicutes
t643692027,Firmicutes
t637000154,Firmicutes
t638341118,Firmicutes
t637000153,Firmicutes
t640963061,Firmicutes
t641736257,Firmicutes
t641736259,Firmicutes
t641736258,Firmicutes
t641736260,Firmicutes
t641736261,Firmicutes
t641736263,Firmicutes
t641736262,Firmicutes
t640963059,Firmicutes
t640963060,Firmicutes
t641736252,Firmicutes
t643886190,Firmicutes
t2512047016,Firmicutes
t2511231184,Firmicutes
t2511231203,Firmicutes
t643886191,Firmicutes
t643348561,Firmicutes
t640963047,Firmicutes
t640963062,Firmicutes
t2511231190,Firmicutes
t640963063,Firmicutes
t641736253,Firmicutes
t651053042,Firmicutes
t646564544,Firmicutes
t639633035,Firmicutes
t648276685,Firmicutes
t641522637,Firmicutes
t643348562,Firmicutes
t2503508009,Firmicutes
t650377958,Firmicutes
t2511231071,Firmicutes
t2512047062,Firmicutes
t647000271,Firmicutes
t649989971,Firmicutes
t651324070,Firmicutes
t650716050,Firmicutes
t2512564044,Firmicutes
t642979367,Firmicutes
t637000167,Firmicutes
t642555142,Firmicutes
t637000201,Firmicutes
t639857018,Firmicutes
t647000285,Firmicutes
t639633047,Firmicutes
t643886104,Firmicutes
t647000286,Firmicutes
t651324079,Firmicutes
t2511231134,Firmicutes
t648276707,Firmicutes
t2506783046,Firmicutes
t649989978,Firmicutes
t641736255,Firmicutes
t2512564039,Firmicutes
t650716070,Firmicutes
t648028048,Firmicutes
t2511231159,Firmicutes
t649633079,Firmicutes
t647533191,Firmicutes
t651324080,Firmicutes
t651324081,Firmicutes
t644736396,Firmicutes
t646311929,Firmicutes
t2511231079,Firmicutes
t649989979,Firmicutes
t641380421,Firmicutes
t2512047066,Firmicutes
t651324085,Firmicutes
t647533194,Firmicutes
t649989981,Firmicutes
t2511231169,Firmicutes
t639633049,Firmicutes
t640427128,Firmicutes
t2503982046,Firmicutes
t648276710,Firmicutes
t649989982,Firmicutes
t647000289,Firmicutes
t648861011,Firmicutes
t648276711,Firmicutes
t2512047067,Firmicutes
t647000290,Firmicutes
t648276712,Firmicutes
t649989983,Firmicutes
t649989984,Firmicutes
t640963014,Firmicutes
t649989993,Firmicutes
t2511231128,Firmicutes
t642979356,Firmicutes
t650377964,Firmicutes
t650377965,Firmicutes
t643886006,Firmicutes
t648276721,Firmicutes
t649633094,Firmicutes
t647000309,Firmicutes
t650377966,Firmicutes
t645951829,Firmicutes
t640963057,Firmicutes
t642791604,Firmicutes
t650377967,Firmicutes
t640963024,Firmicutes
t650377969,Firmicutes
t646206280,Firmicutes
t650377968,Firmicutes
t640963025,Firmicutes
t650377970,Firmicutes
t2512875015,Firmicutes
t2510917034,Firmicutes
t649989996,Firmicutes
t645058738,Firmicutes
t645951808,Firmicutes
t648276723,Firmicutes
t649989997,Firmicutes
t645951802,Firmicutes
t2504557006,Firmicutes
t643886070,Firmicutes
t649989999,Firmicutes
t2512047088,Firmicutes
t2512047070,Firmicutes
t646862342,Firmicutes
t647000313,Firmicutes
t647000314,Firmicutes
t645951818,Firmicutes
t645951801,Firmicutes
t645951822,Firmicutes
t645951823,Firmicutes
t645951839,Firmicutes
t647000315,Firmicutes
t647000316,Firmicutes
t647000317,Firmicutes
t645951843,Firmicutes
t645951828,Firmicutes
t645951816,Firmicutes
t647000318,Firmicutes
t645951827,Firmicutes
t647000319,Firmicutes
t645951867,Firmicutes
t647000320,Firmicutes
t647533221,Firmicutes
t647533226,Firmicutes
t637000272,Firmicutes
t2511231196,Firmicutes
t645951803,Firmicutes
t647533211,Firmicutes
t647533212,Firmicutes
t647533213,Firmicutes
t647533214,Firmicutes
t647533215,Firmicutes
t647000321,Firmicutes
t648276730,Firmicutes
t647533216,Firmicutes
t647533217,Firmicutes
t647533218,Firmicutes
t647533219,Firmicutes
t645058749,Firmicutes
t637000273,Firmicutes
t647533220,Firmicutes
t648231716,Firmicutes
t646311955,Firmicutes
t647533222,Firmicutes
t647533223,Firmicutes
t640753052,Firmicutes
t640427145,Firmicutes
t648231718,Firmicutes
t643886192,Firmicutes
t648231717,Firmicutes
t2511231197,Firmicutes
t637000277,Firmicutes
t2511231205,Firmicutes
t647533224,Firmicutes
t647533225,Firmicutes
t647533227,Firmicutes
t648276731,Firmicutes
t647000322,Firmicutes
t637000274,Firmicutes
t2511231171,Firmicutes
t637000275,Firmicutes
t637000276,Firmicutes
t640753053,Firmicutes
t645058726,Firmicutes
t637000278,Firmicutes
t637000279,Firmicutes
t640753054,Firmicutes
t646862343,Firmicutes
t645058811,Firmicutes
t645058814,Firmicutes
t646862344,Firmicutes
t637000280,Firmicutes
t643692036,Firmicutes
t641736191,Firmicutes
t2511231175,Firmicutes
t647533228,Firmicutes
t647533229,Firmicutes
t651053068,Firmicutes
t651053069,Firmicutes
t651053070,Firmicutes
t643886010,Firmicutes
t651285006,Firmicutes
t643692037,Firmicutes
t637000281,Firmicutes
t645058812,Firmicutes
t645058850,Firmicutes
t647000323,Firmicutes
t637000282,Firmicutes
t647000324,Firmicutes
t645058851,Firmicutes
t642555160,Firmicutes
t643886039,Firmicutes
t651285007,Firmicutes
t646564572,Firmicutes
t649990000,Firmicutes
t651053071,Firmicutes
t650377974,Firmicutes
t649633095,Firmicutes
t637000284,Firmicutes
t645058825,Firmicutes
t638341202,Firmicutes
t637000285,Firmicutes
t638341203,Firmicutes
t637000286,Firmicutes
t638341204,Firmicutes
t638341205,Firmicutes
t638341206,Firmicutes
t637000287,Firmicutes
t649990001,Firmicutes
t649990002,Firmicutes
t651324100,Firmicutes
t649990003,Firmicutes
t648276732,Firmicutes
t2512047071,Firmicutes
t2512047072,Firmicutes
t649990004,Firmicutes
t649990005,Firmicutes
t650377975,Firmicutes
t644736406,Firmicutes
t643692038,Firmicutes
t2511231157,Firmicutes
t643692039,Firmicutes
t642555163,Firmicutes
t649990006,Firmicutes
t646311957,Firmicutes
t648276733,Firmicutes
t651053072,Firmicutes
t650716087,Firmicutes
t640753055,Firmicutes
t2512047073,Firmicutes
t641736171,Firmicutes
t2512047038,Firmicutes
t649990007,Firmicutes
t651324101,Firmicutes
t649990008,Firmicutes
t2512047074,Firmicutes
t648276734,Firmicutes
t646564574,Firmicutes
t648276735,Firmicutes
t648276736,Firmicutes
t648276737,Firmicutes
t648276738,Firmicutes
t646564575,Firmicutes
t637000288,Firmicutes
t648276739,Firmicutes
t647000325,Firmicutes
t650716088,Firmicutes
t650716089,Firmicutes
t649990009,Firmicutes
t649990010,Firmicutes
t650716090,Firmicutes
t651324102,Firmicutes
t650716091,Firmicutes
t649990011,Firmicutes
t643348576,Firmicutes
t648028055,Firmicutes
t643692040,Firmicutes
t648028056,Firmicutes
t648276740,Firmicutes
t648276741,Firmicutes
t649990012,Firmicutes
t648276742,Firmicutes
t645058718,Firmicutes
t645058707,Firmicutes
t641736273,Firmicutes
t641736204,Firmicutes
t641736183,Firmicutes
t641736274,Firmicutes
t641522651,Firmicutes
t648276745,Firmicutes
t648276746,Firmicutes
t639633061,Firmicutes
t642555164,Firmicutes
t641522652,Firmicutes
t650377976,Firmicutes
t650377977,Firmicutes
t643692041,Firmicutes
t641736264,Firmicutes
t650377978,Firmicutes
t643692042,Firmicutes
t637000289,Firmicutes
t640963055,Firmicutes
t648276744,Firmicutes
t640963053,Firmicutes
t640963048,Firmicutes
t640963051,Firmicutes
t641736272,Firmicutes
t640963052,Firmicutes
t640963042,Firmicutes
t640963056,Firmicutes
t640963054,Firmicutes
t648276743,Firmicutes
t2512564060,Firmicutes
t648028057,Firmicutes
t638341207,Firmicutes
t637000290,Firmicutes
t643692043,Firmicutes
t651324103,Firmicutes
t2511231123,Firmicutes
t649990013,Firmicutes
t648276747,Firmicutes
t2511231137,Firmicutes
t637000291,Firmicutes
t637000297,Firmicutes
t637000295,Firmicutes
t637000300,Firmicutes
t637000299,Firmicutes
t637000292,Firmicutes
t637000298,Firmicutes
t637000301,Firmicutes
t637000296,Firmicutes
t637000294,Firmicutes
t638341208,Firmicutes
t643348577,Firmicutes
t637000293,Firmicutes
t2512564065,Firmicutes
t640069333,Firmicutes
t651053073,Firmicutes
t650716092,Firmicutes
t651053074,Firmicutes
t643886022,Firmicutes
t649990014,Firmicutes
t640069334,Firmicutes
t649990015,Firmicutes
t647533231,Firmicutes
t648276748,Firmicutes
t651285008,Firmicutes
t651285009,Firmicutes
t647533232,Firmicutes
t651285010,Firmicutes
t651324104,Firmicutes
t648276749,Firmicutes
t640427146,Firmicutes
t638341209,Firmicutes
t640427147,Firmicutes
t2511231166,Firmicutes
t644736407,Firmicutes
t2511231193,Firmicutes
t2511231189,Firmicutes
t646862345,Firmicutes
t650377979,Firmicutes
t644736408,Firmicutes
t644736409,Firmicutes
t2511231186,Firmicutes
t2511231211,Firmicutes
t650716093,Firmicutes
t651053075,Firmicutes
t637000302,Firmicutes
t639633062,Firmicutes
t637000303,Firmicutes
t650377980,Firmicutes
t643348578,Firmicutes
t2512047075,Firmicutes
t649990016,Firmicutes
t649990017,Firmicutes
t643886143,Firmicutes
t2506520015,Firmicutes
t2510917010,Firmicutes
t2506210005,Firmicutes
t637000306,Firmicutes
t649633098,Firmicutes
t637000316,Firmicutes
t646564577,Firmicutes
t650716094,Firmicutes
t2511231116,Firmicutes
t649633101,Firmicutes
t649990024,Firmicutes
t2509601029,Firmicutes
t2503538017,Firmicutes
t646564578,Firmicutes
t649633102,Firmicutes
t645058764,Firmicutes
t646564579,Firmicutes
t646564580,Firmicutes
t641522655,Firmicutes
t2509276025,Firmicutes
t648028059,Firmicutes
t641522656,Firmicutes
t645058760,Firmicutes
t637000318,Firmicutes
t2504756058,Firmicutes
t648276751,Firmicutes
t648028060,Firmicutes
t2506783062,Firmicutes
t650716095,Firmicutes
t2508501069,Firmicutes
t2504756006,Firmicutes
t648028061,Firmicutes
t640196202,Firmicutes
t647000330,Firmicutes
t651324107,Firmicutes
t648276753,Firmicutes
t648276754,Firmicutes
t643886074,Firmicutes
t647000331,Firmicutes
t646311965,Firmicutes
t647533241,Firmicutes
t647533242,Firmicutes
t2512047076,Firmicutes
t649990027,Firmicutes
t651324108,Firmicutes
t650716105,Firmicutes
t645058793,Firmicutes
t645951804,Fusobacteria
t646206254,Fusobacteria
t647000254,Fusobacteria
t637000117,Fusobacteria
t641736256,Fusobacteria
t638341097,Fusobacteria
t645951848,Fusobacteria
t651324032,Fusobacteria
t647533168,Fusobacteria
t651324033,Fusobacteria
t646206262,Fusobacteria
t647533169,Fusobacteria
t647533170,Fusobacteria
t647533171,Fusobacteria
t645951866,Fusobacteria
t646206253,Fusobacteria
t646206252,Fusobacteria
t645058833,Fusobacteria
t645951850,Fusobacteria
t645951859,Fusobacteria
t646206275,Fusobacteria
t649633056,Fusobacteria
t644736384,Fusobacteria
t647000268,Fusobacteria
t2506520045,Fusobacteria
t645951860,Fusobacteria
t646311952,Fusobacteria
t646311956,Fusobacteria
t2511231049,Bacteroidetes
t2509276063,Bacteroidetes
t640612202,Bacteroidetes
t2509601035,Bacteroidetes
t641736205,Bacteroidetes
t650377904,Bacteroidetes
t2512047053,Bacteroidetes
t2509276023,Bacteroidetes
t2506520046,Bacteroidetes
t640963023,Bacteroidetes
t643886111,Bacteroidetes
t651324010,Bacteroidetes
t642791613,Bacteroidetes
t643886197,Bacteroidetes
t2503982039,Bacteroidetes
t646206258,Bacteroidetes
t642979370,Bacteroidetes
t649989912,Bacteroidetes
t642979334,Bacteroidetes
t642979319,Bacteroidetes
t651324011,Bacteroidetes
t645058788,Bacteroidetes
t2511231100,Bacteroidetes
t650377910,Bacteroidetes
t637000024,Bacteroidetes
t637000025,Bacteroidetes
t649633012,Bacteroidetes
t642791621,Bacteroidetes
t651324012,Bacteroidetes
t641380449,Bacteroidetes
t647000212,Bacteroidetes
t647000213,Bacteroidetes
t642979351,Bacteroidetes
t649633013,Bacteroidetes
t648861000,Bacteroidetes
t651324013,Bacteroidetes
t646206272,Bacteroidetes
t648861001,Bacteroidetes
t647533110,Bacteroidetes
t647533111,Bacteroidetes
t647533112,Bacteroidetes
t651324014,Bacteroidetes
t645058782,Bacteroidetes
t646206266,Bacteroidetes
t648861002,Bacteroidetes
t648861003,Bacteroidetes
t647533113,Bacteroidetes
t649989913,Bacteroidetes
t646206273,Bacteroidetes
t649989914,Bacteroidetes
t646206274,Bacteroidetes
t646206263,Bacteroidetes
t646206264,Bacteroidetes
t645951811,Bacteroidetes
t647533114,Bacteroidetes
t648861004,Bacteroidetes
t641736196,Bacteroidetes
t637000026,Bacteroidetes
t641380447,Bacteroidetes
t640753008,Bacteroidetes
t647000214,Bacteroidetes
t647000215,Bacteroidetes
t650377911,Bacteroidetes
t648861005,Bacteroidetes
t2509276067,Bacteroidetes
t2509276058,Bacteroidetes
t650716011,Bacteroidetes
t2511231112,Bacteroidetes
t2511231105,Bacteroidetes
t646311912,Bacteroidetes
t642555114,Bacteroidetes
t643348524,Bacteroidetes
t650716019,Bacteroidetes
t643886113,Bacteroidetes
t649989920,Bacteroidetes
t644736338,Bacteroidetes
t651324019,Bacteroidetes
t651324020,Bacteroidetes
t642979305,Bacteroidetes
t649633031,Bacteroidetes
t649633032,Bacteroidetes
t644736340,Bacteroidetes
t643886082,Bacteroidetes
t648028020,Bacteroidetes
t2506381023,Bacteroidetes
t2509601038,Bacteroidetes
t637000087,Bacteroidetes
t638341059,Bacteroidetes
t644736356,Bacteroidetes
t651324026,Bacteroidetes
t651324027,Bacteroidetes
t2509276020,Bacteroidetes
t2506485001,Bacteroidetes
t643886118,Bacteroidetes
t643886079,Bacteroidetes
t640612204,Bacteroidetes
t638341093,Bacteroidetes
t2507262045,Bacteroidetes
t2507262047,Bacteroidetes
t644736368,Bacteroidetes
t641380439,Bacteroidetes
t2511231102,Bacteroidetes
t2511231122,Bacteroidetes
t644736369,Bacteroidetes
t640753027,Bacteroidetes
t2509601041,Bacteroidetes
t2509276059,Bacteroidetes
t2503707007,Bacteroidetes
t2506783053,Bacteroidetes
t639633025,Bacteroidetes
t2504756004,Bacteroidetes
t2502422321,Bacteroidetes
t2509276026,Bacteroidetes
t641380434,Bacteroidetes
t650716043,Bacteroidetes
t650716044,Bacteroidetes
t649633063,Bacteroidetes
t638341115,Bacteroidetes
t648028027,Bacteroidetes
t649633065,Bacteroidetes
t640196209,Bacteroidetes
t2506520020,Bacteroidetes
t649989975,Bacteroidetes
t2505679007,Bacteroidetes
t2506520050,Bacteroidetes
t2506783006,Bacteroidetes
t2506520016,Bacteroidetes
t649633078,Bacteroidetes
t2509601001,Bacteroidetes
t2508501098,Bacteroidetes
t649633080,Bacteroidetes
t640753039,Bacteroidetes
t642979358,Bacteroidetes
t640963016,Bacteroidetes
t646206279,Bacteroidetes
t651324083,Bacteroidetes
t644736398,Bacteroidetes
t649633082,Bacteroidetes
t640963036,Bacteroidetes
t638341152,Bacteroidetes
t638341218,Bacteroidetes
t2502545039,Bacteroidetes
t649989985,Bacteroidetes
t2504756018,Bacteroidetes
t643886148,Bacteroidetes
t642555148,Bacteroidetes
t650716072,Bacteroidetes
t637000209,Bacteroidetes
t643886142,Bacteroidetes
t648276713,Bacteroidetes
t645951825,Bacteroidetes
t2509601036,Bacteroidetes
t647000292,Bacteroidetes
t648276714,Bacteroidetes
t649989986,Bacteroidetes
t647533195,Bacteroidetes
t647000293,Bacteroidetes
t643886200,Bacteroidetes
t651324087,Bacteroidetes
t2509276066,Bacteroidetes
t651324088,Bacteroidetes
t650716073,Bacteroidetes
t648276715,Bacteroidetes
t2501416924,Bacteroidetes
t648276716,Bacteroidetes
t648028051,Bacteroidetes
t647533196,Bacteroidetes
t649989987,Bacteroidetes
t2503754046,Bacteroidetes
t651324089,Bacteroidetes
t649989988,Bacteroidetes
t648861012,Bacteroidetes
t645951806,Bacteroidetes
t651324090,Bacteroidetes
t646564560,Bacteroidetes
t649989989,Bacteroidetes
t647533197,Bacteroidetes
t647533198,Bacteroidetes
t647000294,Bacteroidetes
t645951840,Bacteroidetes
t647000295,Bacteroidetes
t645951836,Bacteroidetes
t645058700,Bacteroidetes
t638341165,Bacteroidetes
t646311949,Bacteroidetes
t2506520042,Bacteroidetes
t2505679078,Bacteroidetes
t2512564079,Bacteroidetes
t649633092,Bacteroidetes
t651053063,Bacteroidetes
t2509601020,Bacteroidetes
t646311950,Bacteroidetes
t2505679030,Bacteroidetes
t637000250,Bacteroidetes
t2509276035,Bacteroidetes
t2512564032,Bacteroidetes
t2509887033,Bacteroidetes
t2509276062,Bacteroidetes
t2505679080,Bacteroidetes
t643886135,Bacteroidetes
t645058810,Bacteroidetes
t646311954,Bacteroidetes
t2512047036,Bacteroidetes
t2501416923,Bacteroidetes
t640963037,Bacteroidetes
t650377986,Bacteroidetes
t2509276029,Bacteroidetes
t646564591,Bacteroidetes
