ID,flight
Accipiter_cooperii,Flighted
Accipiter_striatus,Flighted
Accipiter_tachiro,Flighted
Accipiter_trivirgatus,Flighted
Aceros_corrugatus,Flighted
Acinonyx_jubatus,Flightless
Acrocephalus_arundinaceus,Flighted
Acrocephalus_baeticatus,Flighted
Actitis_hypoleucos,Flighted
Actitis_macularia,Flighted
Addax_nasomaculatus,Flightless
Aegolius_acadicus,Flighted
Aepyceros_melampus,Flightless
Aethia_pygmaea,Flighted
Agapornis_fischeri,Flighted
Agelaius_phoeniceus,Flighted
Ailuropoda_melanoleuca,Flightless
Ailurus_fulgens,Flightless
Aix_galericulata,Flighted
Aix_sponsa,Flighted
Alauda_arvensis,Flighted
Alcelaphus_buselaphus,Flightless
Aldabrachelys_gigantea,Flightless
Alisterus_scapularis,Flighted
Alligator_mississippiensis,Flightless
Alouatta_caraya,Flightless
Alouatta_palliata,Flightless
Alouatta_pigra,Flightless
Alouatta_seniculus,Flightless
Amaurornis_akool,Flighted
Amazilia_tzacatl,Flighted
Amazonetta_brasiliensis,Flighted
Amblycercus_holosericeus,Flighted
Ammodramus_bairdii,Flighted
Ammodramus_maritimus,Flighted
Ammotragus_lervia,Flightless
Anas_acuta,Flighted
Anas_aucklandica,Flightless
Anas_crecca,Flighted
Anas_discors,Flighted
Anas_flavirostris,Flighted
Anas_platyrhynchos,Flighted
Anas_rhynchotis,Flighted
Aneides_aeneus,Flightless
Anodorhynchus_hyacinthinus,Flighted
Anolis_allisoni,Flightless
Anolis_barbatus,Flightless
Anolis_smallwoodi,Flightless
Anous_stolidus,Flighted
Anser_caerulescens,Flighted
Anthornis_melanura,Flighted
Anthreptes_collaris,Flighted
Anthropoides_paradiseus,Flighted
Anthus_lineiventris,Flighted
Antidorcas_marsupialis,Flightless
Antilope_cervicapra,Flightless
Antrozous_dubiaquercus,Flighted
Aonyx_cinerea,Flightless
Aplonis_panayensis,Flighted
Apteryx_australis,Flightless
Apus_pacificus,Flighted
Aquila_heliaca,Flighted
Ara_ararauna,Flighted
Ara_chloropterus,Flighted
Aratinga_solstitialis,Flighted
Arctictis_binturong,Flightless
Arctocephalus_forsteri,Flightless
Arctocephalus_tropicalis,Flightless
Ardea_herodias,Flighted
Ardeotis_kori,Flighted
Arenaria_interpres,Flighted
Argusianus_argus,Flighted
Artamus_leucorhynchus,Flighted
Artibeus_glaucus,Flighted
Artibeus_intermedius,Flighted
Artibeus_jamaicensis,Flighted
Artibeus_lituratus,Flighted
Artibeus_phaeotis,Flighted
Aspidites_ramsayi,Flightless
Astrochelys_radiata,Flightless
Ateles_belzebuth,Flightless
Ateles_fusciceps,Flightless
Ateles_geoffroyi,Flightless
Ateles_hybridus,Flightless
Atelopus_varius,Flightless
Athene_cunicularia,Flighted
Axis_axis,Flightless
Axis_porcinus,Flightless
Aythya_fuligula,Flighted
Balaenoptera_borealis,Flightless
Baryphthengus_martii,Flighted
Basiliscus_plumifrons,Flightless
Batis_capensis,Flighted
Batrachostomus_auritus,Flighted
Bettongia_penicillata,Flightless
Bitis_arietans,Flightless
Boa_constrictor,Flightless
Bombycilla_garrulus,Flighted
Bonasa_umbellus,Flighted
Bos_indicus,Flightless
Bos_javanicus,Flightless
Bos_taurus,Flightless
Boselaphus_tragocamelus,Flightless
Bothriechis_schlegelii,Flightless
Branta_canadensis,Flighted
Bubo_lacteus,Flighted
Bubo_virginianus,Flighted
Bubulcus_ibis,Flighted
Bucephala_clangula,Flighted
Buceros_bicornis,Flighted
Bucorvus_abyssinicus,Flighted
Bucorvus_leadbeateri,Flighted
Budorcas_taxicolor,Flightless
Buteo_jamaicensis,Flighted
Buteo_lagopus,Flighted
Butorides_striata,Flighted
Butorides_virescens,Flighted
Cabassous_unicinctus,Flightless
Cacatua_galerita,Flighted
Cacatua_leadbeateri,Flighted
Cacatua_moluccensis,Flighted
Cacomantis_merulinus,Flighted
Cairina_moschata,Flighted
Calamonastes_simplex,Flighted
Calcarius_lapponicus,Flighted
Calcarius_ornatus,Flighted
Calidris_mauri,Flighted
Calidris_ptilocnemis,Flighted
Calidris_pugnax,Flighted
Calidris_pusilla,Flighted
Calidris_ruficollis,Flighted
Callimico_goeldii,Flightless
Callithrix_argentata,Flightless
Callithrix_geoffroyi,Flightless
Callonetta_leucophrys,Flighted
Callorhinus_ursinus,Flightless
Callosciurus_prevostii,Flightless
Calyptomena_viridis,Flighted
Camaroptera_brachyura,Flighted
Camaroptera_brevicaudata,Flighted
Camelus_dromedarius,Flightless
Canis_lupus,Flightless
Canis_mesomelas,Flightless
Capra_hircus,Flightless
Caprimulgus_macrurus,Flighted
Caprimulgus_pectoralis,Flighted
Caracal_caracal,Flightless
Caracara_cheriway,Flighted
Cardinalis_cardinalis,Flighted
Cariama_cristata,Flighted
Carollia_brevicauda,Flighted
Carollia_castanea,Flighted
Carollia_perspicillata,Flighted
Carollia_sowelli,Flighted
Casuarius_casuarius,Flightless
Cathartes_aura,Flighted
Catharus_ustulatus,Flighted
Centrochelys_sulcata,Flightless
Centropus_senegalensis,Flighted
Centropus_superciliosus,Flighted
Centropus_unirufus,Flighted
Cephalophus_silvicultor,Flightless
Cepphus_columba,Flighted
Ceratotherium_simum,Flightless
Cercocebus_chrysogaster,Flightless
Cercomela_familiaris,Flighted
Cercopithecus_ascanius,Flightless
Cercopithecus_cephus,Flightless
Cercopithecus_neglectus,Flightless
Cercopithecus_wolfi,Flightless
Cerorhinca_monocerata,Flighted
Certhia_americana,Flighted
Cervus_nippon,Flightless
Ceyx_erithaca,Flighted
Ceyx_pictus,Flighted
Chaerephon_jobimena,Flighted
Chaetophractus_vellerosus,Flightless
Chaetura_vauxi,Flighted
Chalcophaps_indica,Flighted
Chamaeleo_calyptratus,Flightless
Charadrius_bicinctus,Flighted
Charadrius_mongolus,Flighted
Charadrius_vociferus,Flighted
Chauna_torquata,Flighted
Chinchilla_lanigera,Flightless
Chionis_alba,Flighted
Chiroxiphia_linearis,Flighted
Chlamyphorus_truncatus,Flightless
Chloephaga_picta,Flighted
Chloroceryle_aenea,Flighted
Chloropsis_palawanensis,Flighted
Choeroniscus_minor,Flighted
Choloepus_didactylus,Flightless
Choloepus_hoffmanni,Flightless
Chondestes_grammacus,Flighted
Chondrohierax_uncinatus,Flighted
Chordeiles_minor,Flighted
Chroicocephalus_genei,Flighted
Chrotopterus_auritus,Flighted
Chrysolophus_pictus,Flighted
Cinclus_mexicanus,Flighted
Cinnyricinclus_leucogaster,Flighted
Cinnyris_jugularis,Flighted
Circus_cyaneus,Flighted
Cisticola_anonymus,Flighted
Cistothorus_palustris,Flighted
Claravis_pretiosa,Flighted
Coendou_prehensilis,Flightless
Coleura_afra,Flighted
Collocalia_esculenta,Flighted
Colobus_angolensis,Flightless
Colobus_guereza,Flightless
Columba_guinea,Flighted
Columba_livia,Flighted
Columbina_passerina,Flighted
Columbina_talpacoti,Flighted
Connochaetes_gnou,Flightless
Connochaetes_taurinus,Flightless
Contopus_sordidulus,Flighted
Contopus_virens,Flighted
Copsychus_albospecularis,Flighted
Coracina_pectoralis,Flighted
Coracina_striata,Flighted
Coragyps_atratus,Flighted
Corallus_hortulanus,Flightless
Cornufer_guentheri,Flightless
Corucia_zebrata,Flightless
Corvus_albus,Flighted
Corvus_corax,Flighted
Corvus_splendens,Flighted
Corynorhinus_townsendii,Flighted
Cosmopsarus_regius,Flighted
Coturnix_coturnix,Flighted
Crax_alberti,Flighted
Crocidura_denti,Flightless
Crocidura_luna,Flightless
Crocodylus_rhombifer,Flightless
Crocuta_crocuta,Flightless
Crotalus_viridis,Flightless
Crotophaga_sulcirostris,Flighted
Cryptoprocta_ferox,Flightless
Cuculus_fugax,Flighted
Cuora_bourreti,Flightless
Cyanerpes_cyaneus,Flighted
Cyanopica_cyanus,Flighted
Cyanoramphus_unicolor,Flighted
Cyclura_collei,Flightless
Cygnus_buccinator,Flighted
Cynictis_penicillata,Flightless
Cynomys_ludovicianus,Flightless
Dacelo_novaeguineae,Flighted
Dasyprocta_leporina,Flightless
Dasyprocta_punctata,Flightless
Dasypus_novemcinctus,Flightless
Delphinapterus_leucas,Flightless
Dendragapus_fuliginosus,Flighted
Dendrobates_tinctorius,Flightless
Dendrocygna_viduata,Flighted
Desmodus_rotundus,Flighted
Dicaeum_hypoleucum,Flighted
Dicaeum_trigonostigma,Flighted
Diceros_bicornis,Flightless
Dicrurus_hottentottus,Flighted
Dinemellia_dinemelli,Flighted
Dolichonyx_oryzivorus,Flighted
Dolichotis_patagonum,Flightless
Dracaena_guianensis,Flightless
Dromaius_novaehollandiae,Flightless
Drymarchon_corais,Flightless
Dryocopus_javensis,Flighted
Dryocopus_lineatus,Flighted
Dryocopus_pileatus,Flighted
Dryoscopus_cubla,Flighted
Ducula_bicolor,Flighted
Echinops_telfairi,Flightless
Egretta_eulophotes,Flighted
Eira_barbara,Flightless
Elaenia_frantzii,Flighted
Elaphe_schrenckii,Flightless
Elephas_maximus,Flightless
Emberiza_rutila,Flighted
Empidonax_alnorum,Flighted
Epomophorus_wahlbergi,Flighted
Eptesicus_furinalis,Flighted
Equus_asinus,Flightless
Equus_burchellii,Flightless
Equus_caballus,Flightless
Equus_grevyi,Flightless
Equus_hemionus,Flightless
Equus_przewalskii,Flightless
Equus_zebra,Flightless
Eremophila_alpestris,Flighted
Erethizon_dorsatum,Flightless
Erythrocebus_patas,Flightless
Erythropitta_venusta,Flighted
Estrilda_astrild,Flighted
Estrilda_melanotis,Flighted
Eubalaena_glacialis,Flightless
Eublepharis_macularius,Flightless
Eudocimus_ruber,Flighted
Eudromia_elegans,Flighted
Eudynamys_scolopaceus,Flighted
Eudyptula_minor,Flightless
Eulemur_rubriventer,Flightless
Eulemur_rufus,Flightless
Eumyias_panayensis,Flighted
Eunectes_murinus,Flightless
Euphagus_cyanocephalus,Flighted
Euphonia_fulvicrissa,Flighted
Euphractus_sexcinctus,Flightless
Euplectes_capensis,Flighted
Eurycea_bislineata,Flightless
Eurycea_longicauda,Flightless
Eurylaimus_steerii,Flighted
Eurypyga_helias,Flighted
Falcipennis_canadensis,Flighted
Falco_biarmicus,Flighted
Falco_cherrug,Flighted
Falco_peregrinus,Flighted
Falco_subbuteo,Flighted
Felis_margarita,Flightless
Formicarius_analis,Flighted
Fratercula_cirrhata,Flighted
Fregata_minor,Flighted
Fringilla_montifringilla,Flighted
Fukomys_damarensis,Flightless
Fulica_armillata,Flighted
Fulmarus_glacialis,Flighted
Galerella_pulverulenta,Flightless
Galictis_vittata,Flightless
Gallinago_gallinago,Flighted
Gallinula_chloropus,Flighted
Gallirallus_australis,Flightless
Gallus_gallus,Flighted
Garrulax_leucolophus,Flighted
Gavia_immer,Flighted
Gavia_stellata,Flighted
Gazella_spekei,Flightless
Geochelone_platynota,Flightless
Geopelia_cuneata,Flighted
Geopelia_striata,Flighted
Geositta_cunicularia,Flighted
Geospiza_difficilis,Flighted
Gerygone_sulphurea,Flighted
Giraffa_camelopardalis,Flightless
Glareola_pratincola,Flighted
Glaucidium_perlatum,Flighted
Glossophaga_soricina,Flighted
Glyphorynchus_spirurus,Flighted
Gonocephalus_chamaeleontinus,Flightless
Gopherus_berlandieri,Flightless
Gorilla_gorilla,Flightless
Goura_victoria,Flighted
Grammomys_macmillani,Flightless
Graphiurus_murinus,Flightless
Grus_americana,Flighted
Grus_carunculatus,Flighted
Guira_guira,Flighted
Gygis_alba,Flighted
Gymnocichla_nudiceps,Flighted
Habia_fuscicauda,Flighted
Halcyon_coromanda,Flighted
Halcyon_malimbica,Flighted
Haliaeetus_albicilla,Flighted
Haliaeetus_leucocephalus,Flighted
Haliastur_indus,Flighted
Harpactes_ardens,Flighted
Harpagus_bidentatus,Flighted
Helarctos_malayanus,Flightless
Helogale_hirtula,Flightless
Helogale_parvula,Flightless
Henicorhina_leucosticta,Flighted
Heterocephalus_glaber,Flightless
Hieraaetus_wahlbergi,Flighted
Himantopus_himantopus,Flighted
Hippopotamus_amphibius,Flightless
Hipposideros_caffer,Flighted
Hipposideros_gigas,Flighted
Hipposideros_ruber,Flighted
Hippotragus_equinus,Flightless
Hippotragus_niger,Flightless
Hirundo_rustica,Flighted
Histrionicus_histrionicus,Flighted
Hyaena_hyaena,Flightless
Hydrobates_castro,Flighted
Hylobates_lar,Flightless
Hylomantis_lemur,Flightless
Hylomyscus_denniae,Flightless
Hylomyscus_stella,Flightless
Hymenolaimus_malacorhynchos,Flighted
Hypargos_niveoguttatus,Flighted
Hypocryptadius_cinnamomeus,Flighted
Hypogeomys_antimena,Flightless
Hystrix_africaeaustralis,Flightless
Icteria_virens,Flighted
Icterus_galbula,Flighted
Icterus_spurius,Flighted
Iguana_iguana,Flightless
Incilius_signifer,Flightless
Indicator_variegatus,Flighted
Irena_cyanogastra,Flighted
Ixobrychus_cinnamomeus,Flighted
Ixoreus_naevius,Flighted
Ixos_philippinus,Flighted
Kaupifalco_monogrammicus,Flighted
Kerodon_rupestris,Flightless
Kobus_ellipsiprymnus,Flightless
Kobus_leche,Flightless
Lagonosticta_rhodopareia,Flighted
Lagonosticta_rubricata,Flighted
Lagopus_lagopus,Flighted
Lagopus_muta,Flighted
Lagothrix_lagotricha,Flightless
Lalage_nigra,Flighted
Lama_guanicoe,Flightless
Lampropeltis_alterna,Flightless
Lampropeltis_getula,Flightless
Lamprotornis_chalybaeus,Flighted
Laniarius_ferrugineus,Flighted
Laniarius_fuelleborni,Flighted
Lanius_collurio,Flighted
Lanius_cristatus,Flighted
Lanius_excubitor,Flighted
Lanius_ludovicianus,Flighted
Larus_canus,Flighted
Larus_dominicanus,Flighted
Larus_hyperboreus,Flighted
Larus_pacificus,Flighted
Lasiorhinus_latifrons,Flightless
Laterallus_jamaicensis,Flighted
Lemur_catta,Flightless
Leontopithecus_chrysomelas,Flightless
Leontopithecus_rosalia,Flightless
Lepidobatrachus_laevis,Flightless
Leptailurus_serval,Flightless
Leptotila_verreauxi,Flighted
Leucopsar_rothschildi,Flighted
Limicola_falcinellus,Flighted
Limnodromus_scolopaceus,Flighted
Limosa_lapponica,Flighted
Litoria_infrafrenata,Flightless
Lonchura_fringilloides,Flighted
Lonchura_malacca,Flighted
Lophostoma_brasiliense,Flighted
Lophostoma_evotis,Flighted
Lophuromys_flavopunctatus,Flightless
Loriculus_philippensis,Flighted
Loxia_leucoptera,Flighted
Loxodonta_africana,Flightless
Luscinia_svecica,Flighted
Lutra_lutra,Flightless
Lycaon_pictus,Flightless
Lynx_rufus,Flightless
Mabuya_mabouya,Flightless
Macaca_silenus,Flightless
Macaca_sylvanus,Flightless
Macaca_thibetana,Flightless
Macronous_striaticeps,Flighted
Macropus_parma,Flightless
Macropus_rufogriseus,Flightless
Macropus_rufus,Flightless
Macroscelides_proboscideus,Flightless
Macrotis_lagotis,Flightless
Malacochersus_tornieri,Flightless
Malacoptila_semicincta,Flighted
Manacus_vitellinus,Flighted
Mandrillus_leucophaeus,Flightless
Manis_pentadactyla,Flightless
Manis_temminckii,Flightless
Manouria_impressa,Flightless
Mantella_aurantiaca,Flightless
Martes_pennanti,Flightless
Megalurus_palustris,Flighted
Megaptera_novaeangliae,Flightless
Melaenornis_pallidus,Flighted
Melanerpes_aurifrons,Flighted
Melopsittacus_undulatus,Flighted
Melospiza_melodia,Flighted
Melursus_ursinus,Flightless
Mephitis_mephitis,Flightless
Merganetta_armata,Flighted
Mergellus_albellus,Flighted
Mergus_serrator,Flighted
Merops_apiaster,Flighted
Merops_boehmi,Flighted
Merops_pusillus,Flighted
Merops_viridis,Flighted
Metriopelia_melanoptera,Flighted
Microcebus_murinus,Flightless
Microhierax_erythrogenys,Flighted
Micronycteris_brachyotis,Flighted
Micronycteris_microtis,Flighted
Micropteropus_pusillus,Flighted
Mimus_gilvus,Flighted
Mimus_polyglottos,Flighted
Miniopterus_africanus,Flighted
Miniopterus_inflatus,Flighted
Miniopterus_minor,Flighted
Miniopterus_natalensis,Flighted
Mionectes_oleagineus,Flighted
Molossus_molossus,Flighted
Molothrus_ater,Flighted
Momotus_momota,Flighted
Morelia_viridis,Flightless
Mormoops_megalophylla,Flighted
Morus_bassanus,Flighted
Motacilla_flaviventris,Flighted
Mungos_mungo,Flightless
Muntiacus_reevesi,Flightless
Mus_bufo,Flightless
Muscicapa_adusta,Flighted
Muscicapa_caerulescens,Flighted
Muscicapa_griseisticta,Flighted
Mustela_nigripes,Flightless
Mustela_putorius,Flightless
Myadestes_melanops,Flighted
Myiarchus_crinitus,Flighted
Myiarchus_tuberculifer,Flighted
Myiobius_sulphureipygius,Flighted
Myiodynastes_maculatus,Flighted
Myonycteris_angolensis,Flighted
Myotis_elegans,Flighted
Myotis_lucifugus,Flighted
Myotis_nigricans,Flighted
Myotis_simus,Flighted
Myotis_tricolor,Flighted
Myotis_volans,Flighted
Myrmeciza_exsul,Flighted
Myrmecocichla_formicivora,Flighted
Myrmecophaga_tridactyla,Flightless
Mystacina_tuberculata,Flighted
Nanger_granti,Flightless
Nasalis_larvatus,Flightless
Necrosyrtes_monachus,Flighted
Neophoca_cinerea,Flightless
Neoromicia_nanus,Flighted
Nephrurus_amyae,Flightless
Nerodia_sipedon,Flightless
Nestor_meridionalis,Flighted
Nestor_notabilis,Flighted
Netta_peposaca,Flighted
Ninox_novaeseelandiae,Flighted
Ninox_scutulata,Flighted
Noctilio_leporinus,Flighted
Notharchus_macrorhynchos,Flighted
Nothura_maculosa,Flighted
Numenius_madagascariensis,Flighted
Numenius_phaeopus,Flighted
Numenius_tahitiensis,Flighted
Numida_meleagris,Flighted
Nyctereutes_procyonoides,Flightless
Nycteris_arge,Flighted
Nycteris_thebaica,Flighted
Nycticebus_pygmaeus,Flightless
Nystalus_maculatus,Flighted
Octodon_degus,Flightless
Odocoileus_virginianus,Flightless
Oenanthe_oenanthe,Flighted
Okapia_johnstoni,Flightless
Onychoprion_aleuticus,Flighted
Onychorhynchus_coronatus,Flighted
Orthotomus_samarensis,Flighted
Orycteropus_afer,Flightless
Oryctolagus_cuniculus,Flightless
Oryx_beisa,Flightless
Oryx_dammah,Flightless
Oryx_gazella,Flightless
Oryx_leucoryx,Flightless
Otocyon_megalotis,Flightless
Otomops_martiensseni,Flighted
Otomys_tropicalis,Flightless
Ovis_aries,Flightless
Ovis_canadensis,Flightless
Oxyura_jamaicensis,Flighted
Pachycephala_philippinensis,Flighted
Pachyramphus_cinnamomeus,Flighted
Pan_troglodytes,Flightless
Pandion_haliaetus,Flighted
Panthera_leo,Flightless
Panthera_onca,Flightless
Panthera_tigris,Flightless
Panthera_uncia,Flightless
Papio_anubis,Flightless
Papio_hamadryas,Flightless
Papio_papio,Flightless
Parabuteo_unicinctus,Flighted
Paradisaea_raggiana,Flighted
Parahyaena_brunnea,Flightless
Parkesia_noveboracensis,Flighted
Paroaria_coronata,Flighted
Passer_domesticus,Flighted
Passer_griseus,Flighted
Pavo_cristatus,Flighted
Pedostibes_hosii,Flightless
Pelecanus_occidentalis,Flighted
Peropteryx_kappleri,Flighted
Phacochoerus_africanus,Flightless
Phaenicophaeus_curvirostris,Flighted
Phaethon_aethereus,Flighted
Phaethon_rubricauda,Flighted
Phaethornis_longirostris,Flighted
Phalacrocorax_punctatus,Flighted
Phalaropus_fulicaria,Flighted
Phalaropus_lobatus,Flighted
Phapitreron_amethystinus,Flighted
Phascolarctos_cinereus,Flightless
Pheucticus_aureoventris,Flighted
Pheucticus_melanocephalus,Flighted
Philydor_atricapillus,Flighted
Phoebastria_immutabilis,Flighted
Phoenicopterus_chilensis,Flighted
Phoenicopterus_ruber,Flighted
Phyllastrephus_cerviniventris,Flighted
Phyllobates_bicolor,Flightless
Phyllobates_terribilis,Flightless
Physignathus_cocincinus,Flightless
Picoides_pubescens,Flighted
Picoides_villosus,Flighted
Piliocolobus_badius,Flightless
Pinicola_enucleator,Flighted
Pipistrellus_subflavus,Flighted
Pipra_erythrocephala,Flighted
Piranga_rubra,Flighted
Pithecia_pithecia,Flightless
Platalea_ajaja,Flighted
Platyrinchus_coronatus,Flighted
Plectrophenax_nivalis,Flighted
Plecturocebus_moloch,Flightless
Plegadis_chihi,Flighted
Plegadis_falcinellus,Flighted
Plethodon_cinereus,Flightless
Plethodon_shenandoah,Flightless
Plocepasser_mahali,Flighted
Ploceus_ocularis,Flighted
Ploceus_velatus,Flighted
Pluvialis_fulva,Flighted
Pluvialis_squatarola,Flighted
Podargus_strigoides,Flighted
Podiceps_grisegena,Flighted
Poecile_hudsonica,Flighted
Poecile_rufescens,Flighted
Poecilotriccus_sylvia,Flighted
Pogona_vitticeps,Flightless
Polyplectron_napoleonis,Flighted
Pongo_abelii,Flightless
Pongo_pygmaeus,Flightless
Porphyrio_hochstetteri,Flightless
Porphyrio_porphyrio,Flighted
Porzana_carolina,Flighted
Potos_flavus,Flightless
Praomys_jacksoni,Flightless
Premnoplex_brunnescens,Flighted
Priodontes_maximus,Flightless
Prionailurus_viverrinus,Flightless
Procavia_capensis,Flightless
Procyon_lotor,Flightless
Prolemur_simus,Flightless
Pronolagus_rupestris,Flightless
Propithecus_verreauxi,Flightless
Prosthemadera_novaeseelandiae,Flighted
Proteles_cristatus,Flightless
Psarocolius_decumanus,Flighted
Pseudechis_papuanus,Flightless
Pseudocheirus_peregrinus,Flightless
Pseudois_nayaur,Flightless
Pseudopus_apodus,Flightless
Psittacus_erithacus,Flighted
Pterodroma_hypoleuca,Flighted
Pteromys_volans,Flightless
Pteronotus_davyi,Flighted
Pteronotus_parnellii,Flighted
Pteronura_brasiliensis,Flightless
Pteropus_poliocephalus,Flighted
Ptilinopus_occipitalis,Flighted
Puffinus_tenuirostris,Flighted
Puma_concolor,Flightless
Puma_yagouaroundi,Flightless
Pycnonotus_barbatus,Flighted
Pycnonotus_goiavier,Flighted
Pygathrix_nemaeus,Flightless
Pygoscelis_adeliae,Flightless
Python_molurus,Flightless
Python_regius,Flightless
Pytilia_afra,Flighted
Pytilia_melba,Flighted
Pyxis_arachnoides,Flightless
Rallina_eurizonoides,Flighted
Rallus_limicola,Flighted
Ramphastos_toco,Flighted
Ramphocelus_carbo,Flighted
Raphicerus_campestris,Flightless
Recurvirostra_avosetta,Flighted
Regulus_satrapa,Flighted
Rhabdomys_pumilio,Flightless
Rhacodactylus_leachianus,Flightless
Rhea_americana,Flightless
Rhinoceros_unicornis,Flightless
Rhinolophus_clivosus,Flighted
Rhinolophus_eloquens,Flighted
Rhinolophus_landeri,Flighted
Rhinopithecus_bieti,Flightless
Rhinopithecus_brelichi,Flightless
Rhinopithecus_roxellana,Flightless
Rhipidura_javanica,Flighted
Rhodinocichla_rosea,Flighted
Rhodostethia_rosea,Flighted
Rhogeessa_aeneus,Flighted
Rhynchonycteris_naso,Flighted
Rhyticeros_undulatus,Flighted
Rollandia_rolland,Flighted
Rollulus_rouloul,Flighted
Rousettus_aegyptiacus,Flighted
Rousettus_lanosus,Flighted
Saccopteryx_bilineata,Flighted
Saguinus_geoffroyi,Flightless
Saguinus_imperator,Flightless
Saguinus_labiatus,Flightless
Saguinus_oedipus,Flightless
Saimiri_boliviensis,Flightless
Saltator_maximus,Flighted
Sapajus_apella,Flightless
Sarcophilus_harrisii,Flightless
Sarcoramphus_papa,Flighted
Sarkidiornis_melanotos,Flighted
Sclerurus_guatemalensis,Flighted
Scopus_umbretta,Flighted
Scotoecus_hirundo,Flighted
Scotophilus_dinganii,Flighted
Seicercus_borealis,Flighted
Seiurus_aurocapilla,Flighted
Semnopithecus_entellus,Flightless
Serinus_canicollis,Flighted
Setophaga_ruticilla,Flighted
Sheppardia_sharpei,Flighted
Shinisaurus_crocodilurus,Flightless
Sitta_canadensis,Flighted
Sitta_frontalis,Flighted
Somateria_mollissima,Flighted
Speothos_venaticus,Flightless
Sphyrapicus_ruber,Flighted
Spiza_americana,Flighted
Spizella_pallida,Flighted
Stercorarius_maccormicki,Flighted
Sterna_hirundo,Flighted
Sterna_paradisaea,Flighted
Stigmochelys_pardalis,Flightless
Strabomantis_anomalus,Flightless
Streptopelia_capicola,Flighted
Streptopelia_chinensis,Flighted
Strigops_habroptilus,Flightless
Strix_nebulosa,Flighted
Strix_varia,Flighted
Struthio_camelus,Flightless
Sturnella_neglecta,Flighted
Sturnira_erythromos,Flighted
Sturnira_lilium,Flighted
Sula_leucogaster,Flighted
Suricata_suricatta,Flightless
Surnia_ulula,Flighted
Surniculus_lugubris,Flighted
Sus_cebifrons,Flightless
Sus_scrofa,Flightless
Sylvia_borin,Flighted
Sylvicapra_grimmia,Flightless
Symphalangus_syndactylus,Flightless
Synallaxis_brachyura,Flighted
Syncerus_caffer,Flightless
Tachycineta_bicolor,Flighted
Tachyeres_patachonicus,Flighted
Tachyglossus_aculeatus,Flightless
Tamandua_tetradactyla,Flightless
Tangara_episcopus,Flighted
Tapirus_terrestris,Flightless
Taraba_major,Flighted
Testudo_hermanni,Flightless
Thalasseus_sandvicensis,Flighted
Thamnophilus_atrinucha,Flighted
Theloderma_corticale,Flightless
Theropithecus_gelada,Flightless
Thraupis_palmarum,Flighted
Threskiornis_aethiopicus,Flighted
Thryothorus_ludovicianus,Flighted
Tinamus_major,Flighted
Tityra_inquisitor,Flighted
Tockus_deckeni,Flighted
Tockus_erythrorhynchus,Flighted
Tockus_nasutus,Flighted
Todiramphus_recurvirostris,Flighted
Tolmomyias_assimilis,Flighted
Tolypeutes_matacus,Flightless
Torgos_tracheliotos,Flighted
Trachops_cirrhosus,Flighted
Trachycephalus_resinifictrix,Flightless
Trachypithecus_auratus,Flightless
Trachypithecus_francoisi,Flightless
Trachypithecus_vetulus,Flightless
Tragelaphus_angasii,Flightless
Tragelaphus_eurycerus,Flightless
Tragelaphus_imberbis,Flightless
Tragelaphus_oryx,Flightless
Tragelaphus_strepsiceros,Flightless
Tragulus_javanicus,Flightless
Tragulus_napu,Flightless
Tremarctos_ornatus,Flightless
Treron_calvus,Flighted
Treron_vernans,Flighted
Treron_waalia,Flighted
Triaenops_afer,Flighted
Trichechus_manatus,Flightless
Trichoglossus_haematodus,Flighted
Tringa_brevipes,Flighted
Tringa_glareola,Flighted
Tringa_melanoleuca,Flighted
Tringa_semipalmata,Flighted
Tringa_totanus,Flighted
Trioceros_melleri,Flightless
Troglodytes_aedon,Flighted
Troglodytes_troglodytes,Flighted
Trogon_massena,Flighted
Trogon_rufus,Flighted
Tupaia_belangeri,Flightless
Turdus_obscurus,Flighted
Turdus_olivater,Flighted
Turnix_suscitator,Flighted
Tursiops_truncatus,Flightless
Tympanuchus_phasianellus,Flighted
Tyrannus_savana,Flighted
Tyrannus_tyrannus,Flighted
Tyto_alba,Flighted
Uraeginthus_angolensis,Flighted
Urile_pelagicus,Flighted
Urile_urile,Flighted
Urocitellus_parryii,Flightless
Urocitellus_richardsonii,Flightless
Urocolius_macrourus,Flighted
Uroderma_bilobatum,Flighted
Uromastyx_aegyptia,Flightless
Uroplatus_fimbriatus,Flightless
Uroplatus_lineatus,Flightless
Ursus_americanus,Flightless
Ursus_arctos,Flightless
Vampyressa_thyone,Flighted
Vanellus_vanellus,Flighted
Varanus_albigularis,Flightless
Varanus_indicus,Flightless
Varanus_komodoensis,Flightless
Varanus_macraei,Flightless
Varanus_olivaceus,Flightless
Varanus_rudicollis,Flightless
Varecia_rubra,Flightless
Varecia_variegata,Flightless
Vicugna_vicugna,Flightless
Vidua_funerea,Flighted
Vidua_paradisaea,Flighted
Vireo_gilvus,Flighted
Vulpes_zerda,Flightless
Xanthocephalus_xanthocephalus,Flighted
Xenops_minutus,Flighted
Xenus_cinereus,Flighted
Xiphorhynchus_susurrans,Flighted
Zaedyus_pichiy,Flightless
Zalophus_californianus,Flightless
Zenaida_auriculata,Flighted
Zenaida_graysoni,Flighted
Zentrygon_goldmani,Flighted
Zonotrichia_capensis,Flighted
Zoothera_gurneyi,Flighted
Zosterops_palpebrosus,Flighted
